test_txndate,test_storecode,Bills,SKUS,Sales
2018-04-01 00:00:00,5,2,6.0,2618.0
2018-04-02 00:00:00,11,1,1.0,550.0
2018-04-02 00:00:00,5,1,1.0,200.0
2018-04-05 00:00:00,6,1,6.0,2729.0
2018-04-06 00:00:00,5,1,16.0,1080.0
2018-04-06 00:00:00,6,1,1.0,800.0
2018-04-08 00:00:00,11,1,3.0,1930.0
2018-04-08 00:00:00,6,2,2.0,499.0
2018-04-09 00:00:00,6,2,4.0,9248.0
2018-04-10 00:00:00,6,1,1.0,275.0
2018-04-11 00:00:00,6,1,3.0,830.0
2018-04-12 00:00:00,6,1,4.0,1050.0
2018-04-15 00:00:00,11,1,1.0,2000.0
2018-04-16 00:00:00,5,1,4.0,4095.0
2018-04-16 00:00:00,6,1,4.0,7424.0
2018-04-17 00:00:00,6,2,5.0,1440.0
2018-04-19 00:00:00,6,1,3.0,1160.0
2018-04-21 00:00:00,11,3,12.0,6392.0
2018-04-21 00:00:00,6,1,4.0,845.0
2018-04-23 00:00:00,11,3,16.0,4935.0
2018-04-26 00:00:00,6,1,4.0,765.0
2018-04-28 00:00:00,5,1,7.0,4890.0
2018-04-29 00:00:00,6,1,4.0,1230.0
2018-04-30 00:00:00,6,1,1.0,290.0
2018-05-01 00:00:00,5,10,72.0,49470.0
2018-05-01 00:00:00,6,6,32.0,36846.0
2018-05-02 00:00:00,5,6,48.0,12131.0
2018-05-02 00:00:00,6,7,16.0,6586.0
2018-05-03 00:00:00,6,4,9.0,5368.0
2018-05-05 00:00:00,6,3,3.0,580.0
2018-05-06 00:00:00,5,2,3.0,2040.0
2018-05-07 00:00:00,6,1,2.0,1330.0
2018-05-08 00:00:00,11,1,2.0,2404.0
2018-05-08 00:00:00,6,2,6.0,1540.0
2018-05-09 00:00:00,6,1,6.0,2460.0
2018-05-10 00:00:00,5,1,2.0,2190.0
2018-05-10 00:00:00,6,2,6.0,1475.0
2018-05-11 00:00:00,11,2,13.0,7687.0
2018-05-11 00:00:00,5,1,4.0,2254.0
2018-05-11 00:00:00,6,1,2.0,460.0
2018-05-12 00:00:00,5,1,5.0,3035.0
2018-05-12 00:00:00,6,3,8.0,1418.0
2018-05-13 00:00:00,11,1,1.0,8550.0
2018-05-13 00:00:00,5,1,4.0,1615.0
2018-05-13 00:00:00,6,1,10.0,3049.0
2018-05-14 00:00:00,6,1,1.0,550.0
2018-05-15 00:00:00,5,3,10.0,10729.0
2018-05-16 00:00:00,11,1,3.0,1335.0
2018-05-16 00:00:00,5,1,3.0,750.0
2018-05-17 00:00:00,11,1,4.0,4103.0
2018-05-17 00:00:00,6,3,9.0,2215.0
2018-05-19 00:00:00,11,2,8.0,1887.0
2018-05-19 00:00:00,5,1,4.0,1125.0
2018-05-21 00:00:00,5,1,34.0,3972.0
2018-05-24 00:00:00,5,2,3.0,3046.0
2018-05-25 00:00:00,6,2,3.0,1322.0
2018-05-27 00:00:00,11,1,5.0,2211.0
2018-05-27 00:00:00,6,1,4.0,940.0
2018-05-28 00:00:00,11,1,2.0,2660.0
2018-05-28 00:00:00,5,3,13.0,4425.0
2018-05-29 00:00:00,6,1,8.0,9335.0
2018-06-02 00:00:00,11,1,3.0,12220.0
2018-06-03 00:00:00,11,1,2.0,1487.0
2018-06-03 00:00:00,6,2,7.0,1623.0
2018-06-04 00:00:00,11,2,11.0,5120.0
2018-06-05 00:00:00,5,2,2.0,890.0
2018-06-06 00:00:00,11,1,6.0,910.0
2018-06-06 00:00:00,6,1,2.0,3304.0
2018-06-07 00:00:00,11,2,8.0,3092.0
2018-06-08 00:00:00,5,1,2.0,1298.0
2018-06-08 00:00:00,6,1,6.0,8350.0
2018-06-09 00:00:00,5,2,13.0,4285.0
2018-06-09 00:00:00,6,1,1.0,9850.0
2018-06-10 00:00:00,6,1,6.0,1505.0
2018-06-11 00:00:00,11,1,10.0,1725.0
2018-06-11 00:00:00,5,1,1.0,350.0
2018-06-13 00:00:00,5,1,1.0,12000.0
2018-06-14 00:00:00,6,1,2.0,1000.0
2018-06-15 00:00:00,11,3,6.0,13578.0
2018-06-15 00:00:00,5,1,3.0,750.0
2018-06-15 00:00:00,6,1,3.0,1784.0
2018-06-16 00:00:00,11,2,8.0,4799.0
2018-06-18 00:00:00,11,1,5.0,4060.0
2018-06-18 00:00:00,5,1,1.0,1950.0
2018-06-19 00:00:00,11,1,1.0,550.0
2018-06-20 00:00:00,11,1,11.0,499.0
2018-06-22 00:00:00,5,1,6.0,1880.0
2018-06-22 00:00:00,6,1,4.0,755.0
2018-06-23 00:00:00,11,1,20.0,3099.0
2018-06-26 00:00:00,11,1,12.0,2985.0
2018-06-26 00:00:00,5,1,5.0,2528.0
2018-06-26 00:00:00,6,1,22.0,3280.0
2018-06-28 00:00:00,11,2,7.0,5161.0
2018-06-29 00:00:00,5,1,2.0,900.0
2018-06-30 00:00:00,11,1,7.0,1920.0
2018-07-01 00:00:00,6,3,6.0,3978.0
2018-07-06 00:00:00,5,1,1.0,1699.0
2018-07-06 00:00:00,6,2,7.0,1610.0
2018-07-08 00:00:00,11,2,10.0,2867.0
2018-07-09 00:00:00,11,1,5.0,360.0
2018-07-10 00:00:00,11,1,3.0,1759.0
2018-07-10 00:00:00,5,1,18.0,630.0
2018-07-12 00:00:00,5,1,2.0,1140.0
2018-07-13 00:00:00,11,1,3.0,2465.0
2018-07-13 00:00:00,5,2,16.0,4100.0
2018-07-13 00:00:00,6,1,5.0,2290.0
2018-07-14 00:00:00,11,1,3.0,259.0
2018-07-14 00:00:00,5,1,1.0,555.0
2018-07-15 00:00:00,11,3,22.0,12585.0
2018-07-15 00:00:00,6,1,6.0,1360.0
2018-07-16 00:00:00,11,1,3.0,1330.0
2018-07-16 00:00:00,6,1,4.0,9225.0
2018-07-17 00:00:00,11,1,12.0,2963.0
2018-07-18 00:00:00,6,1,3.0,1357.0
2018-07-19 00:00:00,5,1,1.0,3999.0
2018-07-21 00:00:00,11,1,5.0,5419.0
2018-07-22 00:00:00,5,2,14.0,3780.0
2018-07-23 00:00:00,11,2,5.0,8100.0
2018-07-23 00:00:00,5,2,17.0,4980.0
2018-07-24 00:00:00,11,1,3.0,3080.0
2018-07-25 00:00:00,5,3,14.0,18605.0
2018-07-29 00:00:00,5,1,17.0,670.0
2018-07-29 00:00:00,6,1,2.0,1175.0
2018-07-31 00:00:00,5,1,10.0,2525.0
2018-07-31 00:00:00,6,1,1.0,550.0
2018-08-03 00:00:00,11,1,2.0,2205.0
2018-08-03 00:00:00,5,1,2.0,598.0
2018-08-04 00:00:00,11,1,1.0,250.0
2018-08-04 00:00:00,5,1,4.0,2000.0
2018-08-05 00:00:00,11,2,27.0,11017.0
2018-08-07 00:00:00,5,1,12.0,600.0
2018-08-10 00:00:00,5,1,17.0,3660.0
2018-08-11 00:00:00,5,2,12.0,4397.0
2018-08-12 00:00:00,11,3,23.0,6735.0
2018-08-12 00:00:00,5,3,5.0,7745.0
2018-08-12 00:00:00,6,1,7.0,1655.0
2018-08-13 00:00:00,11,1,1.0,2850.0
2018-08-14 00:00:00,11,1,1.0,9850.0
2018-08-14 00:00:00,5,2,13.0,1040.0
2018-08-15 00:00:00,11,1,14.0,4886.0
2018-08-17 00:00:00,11,1,9.0,2837.0
2018-08-18 00:00:00,5,5,32.0,19555.0
2018-08-19 00:00:00,11,1,8.0,3275.0
2018-08-20 00:00:00,5,2,9.0,4795.0
2018-08-20 00:00:00,6,1,3.0,530.0
2018-08-22 00:00:00,5,1,17.0,3302.0
2018-08-22 00:00:00,6,1,1.0,210.0
2018-08-24 00:00:00,11,2,2.0,1888.0
2018-08-25 00:00:00,11,1,4.0,2191.0
2018-08-25 00:00:00,5,1,1.0,200.0
2018-08-25 00:00:00,6,3,3.0,1975.0
2018-08-26 00:00:00,11,1,15.0,2875.0
2018-08-26 00:00:00,5,1,2.0,1298.0
2018-08-28 00:00:00,11,1,2.0,760.0
2018-08-28 00:00:00,6,1,7.0,927.0
2018-08-29 00:00:00,6,1,6.0,1450.0
2018-08-30 00:00:00,5,4,19.0,3840.0
2018-08-31 00:00:00,11,2,3.0,7953.0
2018-08-31 00:00:00,5,3,28.0,9410.0
2018-09-01 00:00:00,11,1,1.0,2580.0
2018-09-01 00:00:00,5,1,2.0,8565.0
2018-09-01 00:00:00,6,1,10.0,2945.0
2018-09-02 00:00:00,11,2,17.0,11050.0
2018-09-02 00:00:00,6,1,3.0,580.0
2018-09-04 00:00:00,5,1,1.0,295.0
2018-09-05 00:00:00,11,3,23.0,3585.0
2018-09-08 00:00:00,11,1,4.0,1140.0
2018-09-08 00:00:00,5,3,22.0,14578.0
2018-09-08 00:00:00,6,2,43.0,4905.0
2018-09-09 00:00:00,6,2,6.0,11360.0
2018-09-10 00:00:00,11,1,1.0,2550.0
2018-09-10 00:00:00,5,1,13.0,1095.0
2018-09-11 00:00:00,5,1,1.0,500.0
2018-09-11 00:00:00,Warehouse,1,70.0,25800.0
2018-09-12 00:00:00,5,1,2.0,1940.0
2018-09-13 00:00:00,11,2,8.0,5809.0
2018-09-14 00:00:00,5,2,19.0,4490.0
2018-09-14 00:00:00,6,1,2.0,240.0
2018-09-15 00:00:00,5,1,14.0,6218.0
2018-09-16 00:00:00,11,1,2.0,1892.0
2018-09-16 00:00:00,6,2,5.0,1197.0
2018-09-17 00:00:00,11,2,6.0,2597.0
2018-09-17 00:00:00,5,2,4.0,5224.0
2018-09-17 00:00:00,6,1,3.0,1010.0
2018-09-20 00:00:00,11,1,1.0,385.0
2018-09-22 00:00:00,11,1,8.0,10296.0
2018-09-22 00:00:00,5,3,9.0,11750.0
2018-09-23 00:00:00,5,1,3.0,595.0
2018-09-23 00:00:00,6,1,5.0,1792.0
2018-09-24 00:00:00,5,2,26.0,1834.0
2018-09-24 00:00:00,6,1,1.0,200.0
2018-09-25 00:00:00,11,1,1.0,8850.0
2018-09-25 00:00:00,5,2,16.0,14889.0
2018-09-26 00:00:00,11,2,3.0,4390.0
2018-09-27 00:00:00,11,1,1.0,1575.0
2018-09-27 00:00:00,5,1,2.0,1298.0
2018-09-28 00:00:00,11,1,4.0,365.0
2018-09-28 00:00:00,6,1,1.0,210.0
2018-09-29 00:00:00,11,1,4.0,3454.0
2018-09-29 00:00:00,5,2,3.0,4245.0
2018-09-29 00:00:00,6,1,14.0,1210.0
2018-09-30 00:00:00,11,1,17.0,7653.0
2018-10-01 00:00:00,5,1,1.0,1560.0
2018-10-02 00:00:00,11,1,3.0,120.0
2018-10-02 00:00:00,5,1,3.0,3730.0
2018-10-02 00:00:00,6,2,9.0,4930.0
2018-10-03 00:00:00,6,1,1.0,690.0
2018-10-04 00:00:00,11,1,1.0,4200.0
2018-10-04 00:00:00,6,1,2.0,1850.0
2018-10-05 00:00:00,5,1,17.0,3760.0
2018-10-06 00:00:00,11,3,11.0,1229.0
2018-10-06 00:00:00,6,2,6.0,590.0
2018-10-07 00:00:00,5,2,15.0,525.0
2018-10-07 00:00:00,6,2,3.0,775.0
2018-10-09 00:00:00,11,1,2.0,8345.0
2018-10-11 00:00:00,5,2,11.0,7456.0
2018-10-12 00:00:00,11,2,2.0,2265.0
2018-10-13 00:00:00,6,2,13.0,1485.0
2018-10-14 00:00:00,5,1,5.0,10070.0
2018-10-16 00:00:00,6,1,48.0,1920.0
2018-10-17 00:00:00,11,1,11.0,11880.0
2018-10-17 00:00:00,6,1,40.0,10240.0
2018-10-18 00:00:00,5,2,13.0,2875.0
2018-10-19 00:00:00,11,1,5.0,3009.0
2018-10-20 00:00:00,11,2,11.0,11439.0
2018-10-21 00:00:00,11,1,9.0,3150.0
2018-10-21 00:00:00,5,2,8.0,2074.0
2018-10-22 00:00:00,5,1,2.0,1018.0
2018-10-23 00:00:00,11,1,8.0,2050.0
2018-10-23 00:00:00,6,1,5.0,8500.0
2018-10-24 00:00:00,11,1,2.0,160.0
2018-10-25 00:00:00,11,1,1.0,2550.0
2018-10-26 00:00:00,11,1,1.0,1150.0
2018-10-26 00:00:00,5,1,12.0,420.0
2018-10-28 00:00:00,5,1,1.0,3100.0
2018-10-30 00:00:00,5,1,8.0,1890.0
2018-10-31 00:00:00,11,1,2.0,17100.0
2018-11-01 00:00:00,6,2,8.0,8905.0
2018-11-03 00:00:00,11,1,1.0,2850.0
2018-11-03 00:00:00,6,2,3.0,1892.0
2018-11-04 00:00:00,5,1,13.0,2400.0
2018-11-04 00:00:00,6,1,3.0,580.0
2018-11-05 00:00:00,5,1,12.0,4473.0
2018-11-05 00:00:00,6,2,12.0,5924.0
2018-11-06 00:00:00,11,1,10.0,3619.0
2018-11-06 00:00:00,5,1,3.0,993.0
2018-11-07 00:00:00,5,1,2.0,840.0
2018-11-08 00:00:00,11,1,6.0,2140.0
2018-11-08 00:00:00,5,1,17.0,26335.0
2018-11-09 00:00:00,5,1,5.0,1770.0
2018-11-10 00:00:00,11,4,15.0,12639.0
2018-11-11 00:00:00,11,1,1.0,1062.0
2018-11-12 00:00:00,11,1,4.0,6372.0
2018-11-13 00:00:00,6,1,1.0,175.0
2018-11-15 00:00:00,11,1,30.0,5965.0
2018-11-15 00:00:00,5,1,1.0,1980.0
2018-11-16 00:00:00,11,2,14.0,10862.0
2018-11-17 00:00:00,5,1,1.0,350.0
2018-11-18 00:00:00,11,2,6.0,1602.0
2018-11-18 00:00:00,5,1,4.0,650.0
2018-11-19 00:00:00,11,1,8.0,2325.0
2018-11-19 00:00:00,6,1,1.0,580.0
2018-11-20 00:00:00,11,1,2.0,670.0
2018-11-21 00:00:00,Warehouse,1,18.0,37300.0
2018-11-22 00:00:00,11,1,2.0,1220.0
2018-11-23 00:00:00,6,1,4.0,3215.0
2018-11-24 00:00:00,11,2,8.0,5055.0
2018-11-26 00:00:00,11,1,1.0,740.0
2018-11-26 00:00:00,6,1,2.0,4770.0
2018-11-28 00:00:00,6,1,2.0,1976.0
2018-11-29 00:00:00,6,1,5.0,9179.0
2018-11-30 00:00:00,11,2,27.0,7067.0
2018-11-30 00:00:00,6,1,3.0,415.0
2018-11-30 00:00:00,7,2,2.0,2.0
2018-12-01 00:00:00,11,1,8.0,4909.0
2018-12-01 00:00:00,5,1,2.0,2000.0
2018-12-01 00:00:00,6,1,7.0,11900.0
2018-12-01 00:00:00,7,1,2.0,380.0
2018-12-03 00:00:00,11,1,5.0,1100.0
2018-12-03 00:00:00,6,1,2.0,1102.0
2018-12-04 00:00:00,6,1,7.0,1100.0
2018-12-04 00:00:00,7,1,54.0,14070.0
2018-12-05 00:00:00,11,1,10.0,1570.0
2018-12-06 00:00:00,6,1,49.0,2080.0
2018-12-07 00:00:00,11,2,3.0,1204.0
2018-12-07 00:00:00,5,1,1.0,560.0
2018-12-07 00:00:00,Warehouse,1,70.0,46430.0
2018-12-08 00:00:00,5,2,3.0,2610.0
2018-12-09 00:00:00,5,1,4.0,1415.0
2018-12-11 00:00:00,11,2,2.0,9225.0
2018-12-12 00:00:00,11,1,2.0,675.0
2018-12-12 00:00:00,5,1,5.0,820.0
2018-12-13 00:00:00,5,1,3.0,1320.0
2018-12-13 00:00:00,7,1,1.0,1.0
2018-12-15 00:00:00,5,1,3.0,4235.0
2018-12-16 00:00:00,11,1,1.0,980.0
2018-12-16 00:00:00,6,1,7.0,1635.0
2018-12-17 00:00:00,11,1,26.0,4135.0
2018-12-17 00:00:00,6,2,6.0,1720.0
2018-12-18 00:00:00,11,2,3.0,1655.0
2018-12-20 00:00:00,11,2,8.0,5195.0
2018-12-20 00:00:00,7,1,2.0,575.0
2018-12-22 00:00:00,6,1,2.0,1694.0
2018-12-22 00:00:00,7,2,2.0,2.0
2018-12-23 00:00:00,11,2,17.0,6568.0
2018-12-23 00:00:00,5,1,1.0,400.0
2018-12-24 00:00:00,6,1,2.0,320.0
2018-12-26 00:00:00,6,2,8.0,12060.0
2018-12-27 00:00:00,5,1,2.0,2350.0
2018-12-29 00:00:00,11,1,1.0,1298.0
2018-12-30 00:00:00,11,1,1.0,580.0
2019-01-03 00:00:00,5,1,1.0,225.0
2019-01-05 00:00:00,11,2,3.0,720.0
2019-01-06 00:00:00,11,1,2.0,2185.0
2019-01-07 00:00:00,5,1,2.0,860.0
2019-01-07 00:00:00,7,2,11.0,7950.0
2019-01-09 00:00:00,6,2,51.0,2865.0
2019-01-10 00:00:00,11,1,1.0,2550.0
2019-01-10 00:00:00,6,1,1.0,580.0
2019-01-11 00:00:00,5,1,2.0,2090.0
2019-01-12 00:00:00,5,1,2.0,1299.0
2019-01-14 00:00:00,6,1,14.0,24854.0
2019-01-15 00:00:00,11,1,6.0,1871.0
2019-01-16 00:00:00,5,1,4.0,1760.0
2019-01-17 00:00:00,5,1,2.0,2350.0
2019-01-18 00:00:00,11,1,1.0,2300.0
2019-01-19 00:00:00,11,1,1.0,160.0
2019-01-19 00:00:00,6,1,10.0,17000.0
2019-01-20 00:00:00,11,1,4.0,1380.0
2019-01-22 00:00:00,11,1,14.0,495.0
2019-01-23 00:00:00,11,1,3.0,3450.0
2019-01-23 00:00:00,6,1,6.0,8050.0
2019-01-25 00:00:00,11,1,2.0,1220.0
2019-01-27 00:00:00,5,1,1.0,560.0
2019-01-29 00:00:00,7,2,3.0,2425.0
2019-01-30 00:00:00,11,1,1.0,2650.0
2019-02-01 00:00:00,5,1,1.0,1720.0
2019-02-03 00:00:00,11,1,15.0,2110.0
2019-02-03 00:00:00,6,2,19.0,3564.0
2019-02-04 00:00:00,6,2,5.0,2050.0
2019-02-08 00:00:00,11,2,18.0,1300.0
2019-02-08 00:00:00,6,1,10.0,5375.0
2019-02-09 00:00:00,11,1,1.0,360.0
2019-02-09 00:00:00,6,1,30.0,900.0
2019-02-10 00:00:00,5,2,3.0,1200.0
2019-02-10 00:00:00,6,1,7.0,2915.0
2019-02-11 00:00:00,6,1,10.0,17000.0
2019-02-12 00:00:00,5,1,1.0,195.0
2019-02-13 00:00:00,11,1,24.0,5243.0
2019-02-15 00:00:00,11,1,7.0,3204.0
2019-02-16 00:00:00,5,1,4.0,120.0
2019-02-18 00:00:00,5,1,2.0,6650.0
2019-02-18 00:00:00,Warehouse,1,156.0,116244.0
2019-02-20 00:00:00,11,1,1.0,2850.0
2019-02-20 00:00:00,5,1,1.0,250.0
2019-02-21 00:00:00,6,1,26.0,1170.0
2019-02-24 00:00:00,11,1,7.0,2010.0
2019-02-24 00:00:00,5,1,1.0,2180.0
2019-02-25 00:00:00,11,1,1.0,610.0
2019-02-25 00:00:00,7,1,2.0,70.0
2019-02-26 00:00:00,7,1,3.0,1419.0
2019-02-27 00:00:00,6,1,2.0,1920.0
2019-02-28 00:00:00,5,1,1.0,670.0
2019-02-28 00:00:00,6,1,1.0,580.0
2019-03-01 00:00:00,11,1,7.0,2625.0
2019-03-02 00:00:00,11,1,1.0,340.0
2019-03-03 00:00:00,11,1,1.0,1298.0
2019-03-03 00:00:00,6,2,11.0,8990.0
2019-03-05 00:00:00,11,1,14.0,1405.0
2019-03-06 00:00:00,5,1,3.0,1945.0
2019-03-07 00:00:00,11,1,4.0,855.0
2019-03-09 00:00:00,11,1,11.0,8990.0
2019-03-09 00:00:00,5,1,3.0,1835.0
2019-03-09 00:00:00,7,1,1.0,275.0
2019-03-10 00:00:00,11,2,7.0,4426.0
2019-03-12 00:00:00,11,1,8.0,6785.0
2019-03-12 00:00:00,6,1,25.0,1090.0
2019-03-14 00:00:00,11,1,1.0,1999.0
2019-03-14 00:00:00,5,1,1.0,199.0
2019-03-14 00:00:00,6,1,10.0,17000.0
2019-03-16 00:00:00,11,1,1.0,280.0
2019-03-16 00:00:00,6,1,4.0,3940.0
2019-03-18 00:00:00,11,1,2.0,1534.0
2019-03-19 00:00:00,11,1,5.0,1145.0
2019-03-20 00:00:00,7,1,1.0,325.0
2019-03-22 00:00:00,11,1,1.0,610.0
2019-03-22 00:00:00,7,1,1.0,210.0
2019-03-22 00:00:00,Warehouse,1,515.0,76930.0
2019-03-23 00:00:00,11,1,1.0,2300.0
2019-03-24 00:00:00,11,1,2.0,1750.0
2019-03-25 00:00:00,11,1,1.0,2850.0
2019-03-25 00:00:00,6,1,1.0,250.0
2019-03-26 00:00:00,11,1,13.0,850.0
2019-03-26 00:00:00,7,2,2.0,490.0
2019-03-28 00:00:00,11,2,22.0,2160.0
2019-03-29 00:00:00,6,1,2.0,690.0
2019-03-29 00:00:00,7,1,5.0,930.0
2019-03-30 00:00:00,11,2,2.0,2399.0
2019-03-30 00:00:00,6,1,1.0,580.0
2019-03-30 00:00:00,7,1,5.0,1840.0
2019-03-30 00:00:00,Warehouse,1,17.0,3315.0
2019-03-31 00:00:00,7,2,2.0,510.0
2019-04-02 00:00:00,11,1,18.0,5880.0
2019-04-02 00:00:00,5,1,4.0,6138.0
2019-04-02 00:00:00,6,1,2.0,3220.0
2019-04-02 00:00:00,7,1,12.0,10588.0
2019-04-03 00:00:00,11,1,2.0,1220.0
2019-04-03 00:00:00,Warehouse,1,12.0,35388.0
2019-04-04 00:00:00,11,1,6.0,1170.0
2019-04-04 00:00:00,7,1,8.0,2870.0
2019-04-05 00:00:00,11,1,6.0,7870.0
2019-04-06 00:00:00,7,1,2.0,320.0
2019-04-06 00:00:00,Warehouse,1,2.0,2980.0
2019-04-08 00:00:00,6,1,16.0,27200.0
2019-04-08 00:00:00,7,1,2.0,710.0
2019-04-12 00:00:00,11,1,36.0,5428.0
2019-04-13 00:00:00,11,1,26.0,1590.0
2019-04-13 00:00:00,6,2,18.0,5000.0
2019-04-13 00:00:00,7,1,4.0,600.0
2019-04-14 00:00:00,11,1,2.0,1150.0
2019-04-14 00:00:00,6,1,6.0,4836.0
2019-04-14 00:00:00,7,1,2.0,700.0
2019-04-15 00:00:00,6,1,4.0,1980.0
2019-04-16 00:00:00,5,1,2.0,398.0
2019-04-17 00:00:00,11,1,8.0,9880.0
2019-04-18 00:00:00,11,1,14.0,3710.0
2019-04-19 00:00:00,7,1,2.0,310.0
2019-04-20 00:00:00,11,1,2.0,2596.0
2019-04-21 00:00:00,11,1,2.0,2596.0
2019-04-22 00:00:00,11,1,14.0,4850.0
2019-04-23 00:00:00,11,1,4.0,2440.0
2019-04-24 00:00:00,11,1,12.0,2220.0
2019-04-26 00:00:00,11,1,2.0,3998.0
2019-04-27 00:00:00,6,1,20.0,34000.0
2019-04-29 00:00:00,11,1,12.0,2570.0
2019-04-30 00:00:00,11,1,2.0,5700.0
2019-05-05 00:00:00,6,1,6.0,4440.0
2019-05-17 00:00:00,6,1,4.0,2438.0
2019-05-18 00:00:00,6,1,2.0,2006.0
2019-05-19 00:00:00,6,1,8.0,2138.0
2019-05-22 00:00:00,6,1,154.0,6160.0
2019-05-25 00:00:00,6,1,16.0,11720.0
2019-05-27 00:00:00,6,1,20.0,34000.0
2019-06-01 00:00:00,11,2,10.0,4608.0
2019-06-02 00:00:00,5,1,10.0,1990.0
2019-06-02 00:00:00,6,1,112.0,5900.0
2019-06-04 00:00:00,7,1,8.0,420.0
2019-06-05 00:00:00,11,1,2.0,2596.0
2019-06-06 00:00:00,11,1,8.0,2430.0
2019-06-06 00:00:00,7,2,52.0,27158.0
2019-06-07 00:00:00,11,2,6.0,18048.0
2019-06-09 00:00:00,6,1,2.0,2596.0
2019-06-13 00:00:00,11,1,14.0,5050.0
2019-06-15 00:00:00,11,1,4.0,7240.0
2019-06-16 00:00:00,11,1,8.0,1980.0
2019-06-16 00:00:00,5,1,22.0,2840.0
2019-06-17 00:00:00,11,2,28.0,10648.0
2019-06-18 00:00:00,11,3,12.0,10878.0
2019-06-19 00:00:00,11,1,14.0,2960.0
2019-06-21 00:00:00,11,1,6.0,2528.0
2019-06-23 00:00:00,11,1,6.0,2550.0
2019-06-23 00:00:00,6,1,2.0,5700.0
2019-06-24 00:00:00,11,2,4.0,704.0
2019-06-25 00:00:00,11,1,2.0,6200.0
2019-06-25 00:00:00,6,1,20.0,34000.0
2019-06-27 00:00:00,11,1,2.0,390.0
2019-06-27 00:00:00,7,1,2.0,198.0
2019-06-28 00:00:00,11,1,4.0,7030.0
2019-06-28 00:00:00,6,1,22.0,5550.0
2019-06-29 00:00:00,11,1,4.0,18678.0
2019-06-29 00:00:00,7,1,6.0,2010.0
2019-06-30 00:00:00,11,1,2.0,15600.0
2019-06-30 00:00:00,7,2,68.0,6870.0
2019-07-02 00:00:00,11,1,20.0,600.0
2019-07-03 00:00:00,Warehouse,1,874.0,353040.0
2019-07-05 00:00:00,11,1,22.0,3396.0
2019-07-06 00:00:00,5,1,24.0,3800.0
2019-07-08 00:00:00,11,1,14.0,4940.0
2019-07-10 00:00:00,11,2,16.0,3510.0
2019-07-11 00:00:00,11,2,8.0,22740.0
2019-07-13 00:00:00,5,1,8.0,5076.0
2019-07-13 00:00:00,7,1,26.0,8670.0
2019-07-14 00:00:00,11,1,6.0,1178.0
2019-07-15 00:00:00,11,2,22.0,11334.0
2019-07-15 00:00:00,5,1,2.0,480.0
2019-07-16 00:00:00,5,1,14.0,3400.0
2019-07-17 00:00:00,11,2,24.0,6570.0
2019-07-18 00:00:00,11,1,52.0,3698.0
2019-07-19 00:00:00,11,1,38.0,5480.0
2019-07-20 00:00:00,5,1,2.0,7000.0
2019-07-21 00:00:00,7,1,12.0,8590.0
2019-07-24 00:00:00,5,1,2.0,600.0
2019-07-25 00:00:00,5,1,2.0,440.0
2019-07-25 00:00:00,6,1,24.0,40800.0
2019-07-25 00:00:00,7,1,2.0,798.0
2019-07-27 00:00:00,7,1,18.0,8778.0
2019-07-28 00:00:00,11,1,2.0,6280.0
2019-08-02 00:00:00,5,1,16.0,4060.0
2019-08-03 00:00:00,6,1,8.0,4400.0
2019-08-04 00:00:00,11,2,44.0,14076.0
2019-08-06 00:00:00,7,1,20.0,8120.0
2019-08-08 00:00:00,11,1,12.0,15140.0
2019-08-11 00:00:00,11,1,60.0,28196.0
2019-08-11 00:00:00,5,1,8.0,4120.0
2019-08-12 00:00:00,11,1,40.0,38828.0
2019-08-13 00:00:00,7,1,4.0,1480.0
2019-08-14 00:00:00,6,1,192.0,7680.0
2019-08-15 00:00:00,11,1,48.0,1440.0
2019-08-16 00:00:00,11,2,20.0,6995.0
2019-08-16 00:00:00,6,1,44.0,12620.0
2019-08-17 00:00:00,6,1,48.0,81600.0
2019-08-19 00:00:00,11,3,248.0,25560.0
2019-08-21 00:00:00,11,1,16.0,11200.0
2019-08-23 00:00:00,11,1,4.0,1360.0
2019-08-24 00:00:00,11,1,8.0,4200.0
2019-08-24 00:00:00,6,1,4.0,1480.0
2019-08-24 00:00:00,7,2,36.0,24108.0
2019-08-25 00:00:00,11,2,24.0,61788.0
2019-08-25 00:00:00,6,1,48.0,10320.0
2019-08-25 00:00:00,7,1,16.0,8732.0
2019-08-26 00:00:00,11,1,8.0,9224.0
2019-08-28 00:00:00,11,1,24.0,21100.0
2019-08-28 00:00:00,5,1,4.0,5192.0
2019-08-29 00:00:00,Warehouse,1,600.0,153120.0
2019-10-02 00:00:00,5,1,8.0,1600.0
2019-10-03 00:00:00,7,1,2.0,500.0
2019-10-05 00:00:00,11,1,14.0,20458.0
2019-10-05 00:00:00,7,2,214.0,60480.0
2019-10-07 00:00:00,7,1,34.0,4880.0
2019-10-09 00:00:00,11,1,6.0,4570.0
2019-10-09 00:00:00,7,1,2.0,1050.0
2019-10-11 00:00:00,7,1,2.0,480.0
2019-10-13 00:00:00,11,1,30.0,6250.0
2019-10-15 00:00:00,7,1,2.0,3350.0
2019-10-16 00:00:00,11,1,12.0,1080.0
2019-10-17 00:00:00,7,1,12.0,3368.0
2019-10-18 00:00:00,6,1,20.0,35600.0
2019-10-19 00:00:00,11,3,82.0,10628.0
2019-10-22 00:00:00,11,1,12.0,2790.0
2019-10-22 00:00:00,7,1,12.0,3538.0
2019-10-24 00:00:00,11,1,2.0,5980.0
2019-10-25 00:00:00,11,1,18.0,4178.0
2019-10-26 00:00:00,6,3,12.0,23300.0
2019-10-27 00:00:00,11,1,8.0,5546.0
2019-10-28 00:00:00,11,1,8.0,4190.0
2019-10-29 00:00:00,11,1,4.0,1700.0
2019-10-29 00:00:00,6,1,2.0,2596.0
2019-10-29 00:00:00,7,1,60.0,2100.0
2019-10-31 00:00:00,6,1,2.0,1200.0
2019-10-31 00:00:00,7,2,6.0,1988.0
2019-11-01 00:00:00,11,1,4.0,3068.0
2019-11-01 00:00:00,7,1,2.0,590.0
2019-11-04 00:00:00,11,2,26.0,24580.0
2019-11-04 00:00:00,6,1,4.0,650.0
2019-11-05 00:00:00,6,2,26.0,43920.0
2019-11-05 00:00:00,7,1,4.0,2240.0
2019-11-07 00:00:00,11,1,14.0,2850.0
2019-11-08 00:00:00,Warehouse,1,268.0,90430.0
2019-11-09 00:00:00,7,1,4.0,1248.0
2019-11-11 00:00:00,11,1,12.0,5620.0
2019-11-15 00:00:00,11,1,14.0,3928.0
2019-11-16 00:00:00,11,1,10.0,800.0
2019-11-17 00:00:00,5,1,10.0,5708.0
2019-11-18 00:00:00,11,1,26.0,4970.0
2019-11-18 00:00:00,6,2,6.0,2564.0
2019-11-23 00:00:00,11,1,4.0,2520.0
2019-11-24 00:00:00,11,2,26.0,18726.0
2019-11-25 00:00:00,11,1,16.0,560.0
2019-11-26 00:00:00,11,1,2.0,3220.0
2019-11-26 00:00:00,7,1,10.0,1150.0
2019-11-28 00:00:00,7,1,60.0,2100.0
2019-11-30 00:00:00,14,1,2.0,260.0
2019-12-03 00:00:00,14,1,2.0,1840.0
2019-12-04 00:00:00,14,3,66.0,5858.0
2019-12-05 00:00:00,6,1,2.0,2596.0
2019-12-06 00:00:00,11,2,24.0,87244.0
2019-12-07 00:00:00,7,1,2.0,600.0
2019-12-10 00:00:00,7,1,2.0,150.0
2019-12-14 00:00:00,11,1,2.0,5980.0
2019-12-14 00:00:00,14,1,6.0,1794.0
2019-12-15 00:00:00,11,1,24.0,5790.0
2019-12-16 00:00:00,11,1,36.0,29782.0
2019-12-17 00:00:00,14,1,20.0,700.0
2019-12-17 00:00:00,6,1,2.0,1200.0
2019-12-17 00:00:00,Warehouse,1,10.0,24160.0
2019-12-18 00:00:00,7,1,28.0,980.0
2019-12-19 00:00:00,11,1,20.0,700.0
2019-12-19 00:00:00,Warehouse,1,144.0,95960.0
2019-12-20 00:00:00,5,1,2.0,420.0
2019-12-22 00:00:00,11,1,16.0,5048.0
2019-12-22 00:00:00,6,1,18.0,15780.0
2019-12-23 00:00:00,14,1,4.0,3148.0
2019-12-23 00:00:00,7,2,8.0,5120.0
2019-12-23 00:00:00,Warehouse,1,10.0,3780.0
2019-12-24 00:00:00,11,1,4.0,2520.0
2019-12-24 00:00:00,7,1,2.0,590.0
2019-12-26 00:00:00,11,2,26.0,5570.0
2019-12-29 00:00:00,11,1,2.0,70.0
2019-12-29 00:00:00,14,1,2.0,980.0
2019-12-29 00:00:00,6,1,10.0,350.0
2019-12-30 00:00:00,11,1,12.0,9460.0
2019-12-31 00:00:00,11,2,58.0,24586.0
2019-12-31 00:00:00,14,2,14.0,8238.0
2020-01-02 00:00:00,6,1,2.0,2400.0
2020-01-04 00:00:00,11,1,2.0,1950.0
2020-01-05 00:00:00,11,1,6.0,1730.0
2020-01-05 00:00:00,7,1,34.0,2020.0
2020-01-07 00:00:00,11,1,6.0,3330.0
2020-01-07 00:00:00,14,1,4.0,4848.0
2020-01-08 00:00:00,14,1,10.0,1950.0
2020-01-09 00:00:00,11,1,4.0,20300.0
2020-01-10 00:00:00,11,1,34.0,3886.0
2020-01-13 00:00:00,11,1,14.0,1120.0
2020-01-15 00:00:00,14,1,4.0,100.0
2020-01-16 00:00:00,6,1,2.0,1200.0
2020-01-17 00:00:00,14,1,12.0,3588.0
2020-01-18 00:00:00,11,3,20.0,26408.0
2020-01-18 00:00:00,14,1,2.0,1200.0
2020-01-18 00:00:00,6,1,2.0,2596.0
2020-01-21 00:00:00,11,1,4.0,3690.0
2020-01-22 00:00:00,11,1,22.0,4550.0
2020-01-23 00:00:00,7,1,10.0,2590.0
2020-01-27 00:00:00,11,1,6.0,1800.0
2020-01-27 00:00:00,14,1,60.0,5780.0
2020-01-30 00:00:00,7,1,2.0,780.0
2020-02-01 00:00:00,7,1,6.0,300.0
2020-02-02 00:00:00,11,2,8.0,3890.0
2020-02-02 00:00:00,7,1,20.0,7668.0
2020-02-03 00:00:00,Warehouse,1,2.0,13880.0
2020-02-04 00:00:00,11,2,36.0,5500.0
2020-02-05 00:00:00,11,2,6.0,26580.0
2020-02-07 00:00:00,11,1,24.0,5490.0
2020-02-07 00:00:00,14,1,44.0,1900.0
2020-02-07 00:00:00,7,1,58.0,2020.0
2020-02-10 00:00:00,11,1,4.0,3068.0
2020-02-10 00:00:00,7,1,4.0,2098.0
2020-02-10 00:00:00,Warehouse,1,238.0,53870.0
2020-02-11 00:00:00,11,2,40.0,21730.0
2020-02-12 00:00:00,11,2,34.0,12840.0
2020-02-12 00:00:00,14,1,44.0,5630.0
2020-02-14 00:00:00,14,1,16.0,4884.0
2020-02-14 00:00:00,6,1,14.0,5180.0
2020-02-14 00:00:00,7,1,10.0,7178.0
2020-02-15 00:00:00,7,1,2.0,5540.0
2020-02-17 00:00:00,11,1,2.0,1260.0
2020-02-17 00:00:00,6,1,2.0,1200.0
2020-02-18 00:00:00,11,1,24.0,5010.0
2020-02-18 00:00:00,7,1,4.0,2248.0
2020-02-19 00:00:00,11,2,16.0,8130.0
2020-02-20 00:00:00,7,1,2.0,1280.0
2020-02-21 00:00:00,7,3,38.0,2320.0
2020-02-22 00:00:00,14,1,56.0,5500.0
2020-02-22 00:00:00,5,1,12.0,11600.0
2020-02-23 00:00:00,11,2,16.0,23492.0
2020-02-24 00:00:00,5,1,2.0,480.0
2020-02-25 00:00:00,5,1,2.0,440.0
2020-02-25 00:00:00,Warehouse,1,812.0,84296.0
2020-02-29 00:00:00,11,1,12.0,2536.0
2020-03-01 00:00:00,6,1,24.0,4900.0
2020-03-02 00:00:00,14,1,12.0,2270.0
2020-03-03 00:00:00,11,1,2.0,472.0
2020-03-04 00:00:00,14,1,26.0,1898.0
2020-03-04 00:00:00,7,1,4.0,2450.0
2020-03-06 00:00:00,11,1,16.0,5850.0
2020-03-06 00:00:00,5,1,4.0,1200.0
2020-03-07 00:00:00,11,1,4.0,6420.0
2020-03-07 00:00:00,6,1,2.0,3600.0
2020-03-08 00:00:00,11,1,6.0,714.0
2020-03-08 00:00:00,14,1,20.0,4000.0
2020-03-09 00:00:00,11,1,54.0,2310.0
2020-03-09 00:00:00,14,1,12.0,4000.0
2020-03-10 00:00:00,11,1,14.0,8770.0
2020-03-12 00:00:00,14,1,62.0,2650.0
2020-03-15 00:00:00,11,1,8.0,8138.0
2020-03-16 00:00:00,11,1,12.0,6348.0
2020-03-18 00:00:00,11,1,4.0,2520.0
2020-03-21 00:00:00,11,1,6.0,9180.0
2020-03-24 00:00:00,11,2,72.0,15106.0
2020-04-04 00:00:00,11,1,2.0,2420.0
2020-04-08 00:00:00,11,1,16.0,10398.0
2020-04-08 00:00:00,14,1,54.0,1890.0
2020-04-10 00:00:00,11,1,6.0,605.0
2020-04-12 00:00:00,14,1,16.0,4210.0
2020-04-14 00:00:00,11,1,8.0,12761.0
2020-04-15 00:00:00,6,1,1.0,7580.0
2020-04-16 00:00:00,6,1,2.0,1720.0
2020-04-17 00:00:00,14,2,13.0,3620.0
2020-04-19 00:00:00,7,1,30.0,1050.0
2020-04-20 00:00:00,7,1,1.0,820.0
2020-04-22 00:00:00,11,1,20.0,7278.0
2020-04-23 00:00:00,11,1,8.0,5459.0
2020-04-23 00:00:00,7,1,1.0,860.0
2020-04-25 00:00:00,7,1,1.0,2660.0
2020-04-26 00:00:00,11,1,13.0,1109.0
2020-05-01 00:00:00,11,2,3.0,3010.0
2020-05-03 00:00:00,5,1,1.0,550.0
2020-05-03 00:00:00,7,1,2.0,765.0
2020-05-04 00:00:00,11,1,3.0,105.0
2020-05-04 00:00:00,7,1,2.0,475.0
2020-05-04 00:00:00,Warehouse,1,711.0,209793.0
2020-05-05 00:00:00,11,1,4.0,4543.0
2020-05-06 00:00:00,11,1,2.0,2750.0
2020-05-12 00:00:00,5,1,1.0,375.0
2020-05-14 00:00:00,7,2,2.0,3147.0
2020-05-17 00:00:00,11,1,4.0,1946.0
2020-05-21 00:00:00,11,1,1.0,295.0
2020-05-21 00:00:00,6,1,1.0,1850.0
2020-05-25 00:00:00,11,3,6.0,3245.0
2020-05-27 00:00:00,11,1,3.0,2704.0
2020-05-30 00:00:00,11,1,2.0,1260.0
2020-06-01 00:00:00,11,1,1.0,1950.0
2020-06-02 00:00:00,11,1,5.0,1150.0
2020-06-03 00:00:00,11,1,10.0,350.0
2020-06-03 00:00:00,7,1,1.0,390.0
2020-06-04 00:00:00,11,3,16.0,5250.0
2020-06-06 00:00:00,11,1,1.0,380.0
2020-06-06 00:00:00,14,1,7.0,1794.0
2020-06-06 00:00:00,7,2,30.0,2258.0
2020-06-08 00:00:00,7,1,4.0,1490.0
2020-06-10 00:00:00,11,1,4.0,4179.0
2020-06-11 00:00:00,11,1,2.0,2095.0
2020-06-15 00:00:00,7,1,1.0,180.0
2020-06-16 00:00:00,14,1,1.0,1003.0
2020-06-20 00:00:00,11,1,2.0,475.0
2020-06-22 00:00:00,14,1,86.0,7229.0
2020-06-24 00:00:00,11,1,9.0,4830.0
2020-06-25 00:00:00,11,3,51.0,8695.0
2020-06-26 00:00:00,11,1,7.0,1923.0
2020-06-28 00:00:00,11,3,16.0,11313.0
2020-06-29 00:00:00,14,1,1.0,1003.0
2020-07-01 00:00:00,11,2,9.0,5285.0
2020-07-03 00:00:00,11,1,2.0,380.0
2020-07-03 00:00:00,7,1,1.0,1075.0
2020-07-06 00:00:00,7,1,3.0,150.0
2020-07-07 00:00:00,11,1,1.0,500.0
2020-07-07 00:00:00,5,1,1.0,1050.0
2020-07-07 00:00:00,6,1,2.0,750.0
2020-07-08 00:00:00,5,1,1.0,1050.0
2020-07-09 00:00:00,11,3,8.0,15114.0
2020-07-09 00:00:00,7,1,1.0,420.0
2020-07-11 00:00:00,14,1,2.0,1224.0
2020-07-12 00:00:00,5,1,4.0,10080.0
2020-07-13 00:00:00,6,1,4.0,1400.0
2020-07-15 00:00:00,14,2,30.0,4563.0
2020-07-17 00:00:00,11,1,2.0,1450.0
2020-07-18 00:00:00,5,1,1.0,550.0
2020-07-20 00:00:00,6,1,2.0,1225.0
2020-07-22 00:00:00,11,1,16.0,8183.0
2020-07-23 00:00:00,11,1,3.0,2575.0
2020-07-24 00:00:00,11,2,34.0,4458.0
2020-07-24 00:00:00,5,1,2.0,650.0
2020-07-24 00:00:00,7,1,2.0,500.0
2020-07-25 00:00:00,14,1,1.0,799.0
2020-07-26 00:00:00,14,1,1.0,550.0
2020-07-28 00:00:00,11,1,2.0,3305.0
2020-07-29 00:00:00,14,1,23.0,5372.0
2020-07-31 00:00:00,11,2,8.0,8137.0
2020-08-01 00:00:00,5,1,1.0,3400.0
2020-08-04 00:00:00,11,1,12.0,3256.0
2020-08-06 00:00:00,11,1,1.0,4580.0
2020-08-09 00:00:00,11,1,9.0,4840.0
2020-08-10 00:00:00,6,2,6.0,1170.0
2020-08-11 00:00:00,11,2,29.0,9205.0
2020-08-11 00:00:00,5,1,1.0,375.0
2020-08-12 00:00:00,6,1,23.0,8011.0
2020-08-15 00:00:00,14,1,2.0,1243.0
2020-08-15 00:00:00,6,1,2.0,575.0
2020-08-15 00:00:00,7,1,2.0,965.0
2020-08-17 00:00:00,11,1,7.0,2449.0
2020-08-17 00:00:00,6,1,2.0,80.0
2020-08-19 00:00:00,6,1,2.0,80.0
2020-08-20 00:00:00,Warehouse,1,6.0,11720.0
2020-08-21 00:00:00,6,1,3.0,440.0
2020-08-22 00:00:00,14,1,10.0,2393.0
2020-08-26 00:00:00,6,1,1.0,1298.0
2020-08-27 00:00:00,14,1,4.0,930.0
2020-08-27 00:00:00,6,1,3.0,180.0
2020-08-29 00:00:00,11,1,15.0,7682.0
2020-08-29 00:00:00,7,1,12.0,420.0
2020-08-31 00:00:00,7,1,1.0,370.0
2020-09-01 00:00:00,11,1,5.0,5585.0
2020-09-02 00:00:00,6,1,4.0,160.0
2020-09-03 00:00:00,7,1,2.0,645.0
2020-09-05 00:00:00,11,2,28.0,11784.0
2020-09-05 00:00:00,6,1,4.0,180.0
2020-09-07 00:00:00,7,1,1.0,2832.0
2020-09-09 00:00:00,5,1,1.0,325.0
2020-09-12 00:00:00,6,1,3.0,135.0
2020-09-12 00:00:00,7,1,10.0,6125.0
2020-09-13 00:00:00,11,2,11.0,3107.0
2020-09-14 00:00:00,11,3,42.0,17171.0
2020-09-14 00:00:00,Warehouse,1,299.0,61975.0
2020-09-15 00:00:00,11,2,3.0,5020.0
2020-09-16 00:00:00,6,1,4.0,520.0
2020-09-19 00:00:00,11,1,14.0,6323.0
2020-09-19 00:00:00,7,1,6.0,2895.0
2020-09-20 00:00:00,7,1,2.0,1329.0
2020-09-22 00:00:00,6,1,5.0,255.0
2020-09-24 00:00:00,11,2,10.0,3919.0
2020-09-24 00:00:00,14,1,1.0,175.0
2020-09-24 00:00:00,6,1,1.0,125.0
2020-09-25 00:00:00,11,2,2.0,5990.0
2020-09-26 00:00:00,11,3,12.0,14728.0
2020-09-27 00:00:00,11,1,10.0,2120.0
2020-09-29 00:00:00,11,1,5.0,1125.0
2020-09-29 00:00:00,Warehouse,1,2.0,17860.0
2020-09-30 00:00:00,1,1,3.0,575.0
2020-10-03 00:00:00,11,1,3.0,795.0
2020-10-04 00:00:00,11,2,15.0,5420.0
2020-10-05 00:00:00,11,2,30.0,7460.0
2020-10-06 00:00:00,7,1,1.0,390.0
2020-10-07 00:00:00,11,2,5.0,12024.0
2020-10-08 00:00:00,6,1,1.0,1.0
2020-10-10 00:00:00,11,2,11.0,5054.0
2020-10-11 00:00:00,11,1,6.0,3964.0
2020-10-14 00:00:00,11,1,48.0,2880.0
2020-10-15 00:00:00,1,1,1.0,1.0
2020-10-17 00:00:00,11,1,8.0,1730.0
2020-10-18 00:00:00,11,1,15.0,7405.0
2020-10-18 00:00:00,7,1,2.0,1150.0
2020-10-20 00:00:00,11,1,22.0,3158.0
2020-10-21 00:00:00,14,1,1.0,1298.0
2020-10-22 00:00:00,11,1,9.0,10970.0
2020-10-22 00:00:00,6,1,2.0,1059.0
2020-10-23 00:00:00,6,2,11.0,5615.0
2020-10-24 00:00:00,4,1,1.0,360.0
2020-10-26 00:00:00,11,1,5.0,2517.0
2020-10-26 00:00:00,7,1,12.0,1260.0
2020-10-27 00:00:00,11,2,10.0,3933.0
2020-10-28 00:00:00,14,1,2.0,1299.0
2020-10-29 00:00:00,7,1,1.0,500.0
2020-10-30 00:00:00,11,1,1.0,1499.0
2020-10-30 00:00:00,5,1,16.0,1425.0
2020-10-31 00:00:00,11,1,14.0,7689.0
2020-10-31 00:00:00,5,1,2.0,570.0
2020-10-31 00:00:00,Ecommerce,1,1.0,700.0
2020-11-01 00:00:00,11,1,4.0,1779.0
2020-11-01 00:00:00,5,1,1.0,2510.0
2020-11-01 00:00:00,7,1,2.0,765.0
2020-11-02 00:00:00,11,2,2.0,5980.0
2020-11-06 00:00:00,6,1,2.0,315.0
2020-11-07 00:00:00,11,1,1.0,4580.0
2020-11-08 00:00:00,14,1,1.0,1534.0
2020-11-08 00:00:00,5,1,2.0,800.0
2020-11-08 00:00:00,7,1,1.0,895.0
2020-11-09 00:00:00,11,1,6.0,5664.0
2020-11-11 00:00:00,11,1,8.0,6423.0
2020-11-11 00:00:00,7,1,3.0,810.0
2020-11-12 00:00:00,7,1,16.0,3065.0
2020-11-12 00:00:00,Ecommerce,1,3.0,1170.0
2020-11-13 00:00:00,4,1,4.0,2876.0
2020-11-13 00:00:00,Ecommerce,2,2.0,4360.0
2020-11-14 00:00:00,11,1,16.0,6015.0
2020-11-14 00:00:00,5,3,4.0,1240.0
2020-11-15 00:00:00,5,4,4.0,1240.0
2020-11-16 00:00:00,5,4,4.0,2615.0
2020-11-17 00:00:00,5,3,3.0,930.0
2020-11-18 00:00:00,7,1,8.0,3185.0
2020-11-19 00:00:00,11,1,2.0,1065.0
2020-11-19 00:00:00,6,1,12.0,2050.0
2020-11-20 00:00:00,11,2,37.0,17016.0
2020-11-20 00:00:00,6,1,17.0,9286.0
2020-11-21 00:00:00,7,1,1.0,80.0
2020-11-29 00:00:00,7,1,1.0,1095.0
2020-12-01 00:00:00,11,1,8.0,3249.0
2020-12-01 00:00:00,7,1,1.0,260.0
2020-12-02 00:00:00,Ecommerce,1,1.0,1890.0
2020-12-05 00:00:00,11,1,4.0,3677.0
2020-12-06 00:00:00,Ecommerce,1,1.0,875.0
2020-12-07 00:00:00,11,1,2.0,5020.0
2020-12-07 00:00:00,6,1,1.0,2600.0
2020-12-09 00:00:00,11,2,20.0,5124.0
2020-12-09 00:00:00,Ecommerce,1,1.0,7490.0
2020-12-11 00:00:00,Ecommerce,1,1.0,1199.0
2020-12-14 00:00:00,Ecommerce,1,1.0,8290.0
2020-12-15 00:00:00,7,1,11.0,1460.0
2020-12-16 00:00:00,7,1,1.0,390.0
2020-12-17 00:00:00,6,1,2.0,21594.0
2020-12-18 00:00:00,6,1,25.0,1855.0
2020-12-19 00:00:00,11,1,1.0,2660.0
2020-12-19 00:00:00,5,1,1.0,99.0
2020-12-19 00:00:00,7,1,1.0,199.0
2020-12-19 00:00:00,Ecommerce,1,1.0,7810.0
2020-12-20 00:00:00,6,1,14.0,4178.0
2020-12-20 00:00:00,Ecommerce,1,1.0,860.0
2020-12-21 00:00:00,Ecommerce,1,1.0,2070.0
2020-12-22 00:00:00,7,1,2.0,3394.0
2020-12-23 00:00:00,11,1,1.0,1650.0
2020-12-25 00:00:00,11,1,22.0,9789.0
2020-12-25 00:00:00,7,1,5.0,230.0
2020-12-27 00:00:00,7,1,1.0,700.0
2020-12-28 00:00:00,14,1,2.0,1034.0
2020-12-29 00:00:00,14,1,1.0,910.0
2020-12-30 00:00:00,14,1,13.0,4020.0
2020-12-30 00:00:00,Ecommerce,3,3.0,8240.0
2020-12-31 00:00:00,Ecommerce,1,1.0,8870.0
2021-01-01 00:00:00,11,2,2.0,7240.0
2021-01-02 00:00:00,Warehouse,2,2.0,2700.0
2021-01-03 00:00:00,11,1,4.0,3198.0
2021-01-03 00:00:00,7,1,1.0,745.0
2021-01-04 00:00:00,7,1,11.0,710.0
2021-01-04 00:00:00,Ecommerce,1,1.0,870.0
2021-01-06 00:00:00,6,1,7.0,1555.0
2021-01-08 00:00:00,11,1,12.0,1455.0
2021-01-12 00:00:00,11,1,7.0,5742.0
2021-01-12 00:00:00,7,2,7.0,4629.0
2021-01-13 00:00:00,4,1,12.0,3713.0
2021-01-13 00:00:00,6,1,2.0,1999.0
2021-01-14 00:00:00,9,1,4.0,644.0
2021-01-15 00:00:00,15,1,1.0,850.0
2021-01-15 00:00:00,7,1,20.0,700.0
2021-01-16 00:00:00,14,1,12.0,420.0
2021-01-16 00:00:00,7,1,2.0,860.0
2021-01-17 00:00:00,7,1,10.0,1200.0
2021-01-18 00:00:00,11,1,4.0,900.0
2021-01-18 00:00:00,6,1,25.0,4100.0
2021-01-19 00:00:00,1,1,1.0,855.0
2021-01-19 00:00:00,11,1,20.0,2480.0
2021-01-19 00:00:00,14,1,1.0,299.0
2021-01-22 00:00:00,9,1,3.0,825.0
2021-01-23 00:00:00,5,1,4.0,1240.0
2021-01-24 00:00:00,11,1,1.0,236.0
2021-01-25 00:00:00,11,2,39.0,5961.0
2021-01-25 00:00:00,14,1,3.0,970.0
2021-01-25 00:00:00,5,1,1.0,310.0
2021-01-26 00:00:00,11,1,11.0,3880.0
2021-01-26 00:00:00,7,1,2.0,340.0
2021-01-27 00:00:00,6,1,6.0,3474.0
2021-01-30 00:00:00,11,1,2.0,5020.0
2021-02-01 00:00:00,14,1,8.0,2520.0
2021-02-01 00:00:00,Ecommerce,1,1.0,2440.0
2021-02-02 00:00:00,14,1,24.0,840.0
2021-02-03 00:00:00,11,2,5.0,8210.0
2021-02-03 00:00:00,5,1,1.0,50.0
2021-02-03 00:00:00,6,2,21.0,8917.0
2021-02-04 00:00:00,7,1,1.0,325.0
2021-02-05 00:00:00,Ecommerce,1,1.0,3000.0
2021-02-06 00:00:00,7,1,16.0,2301.0
2021-02-07 00:00:00,Ecommerce,1,1.0,3000.0
2021-02-08 00:00:00,Warehouse,1,1.0,2690.0
2021-02-10 00:00:00,6,1,1.0,175.0
2021-02-10 00:00:00,7,1,1.0,240.0
2021-02-11 00:00:00,6,1,1.0,625.0
2021-02-13 00:00:00,11,1,1.0,3200.0
2021-02-13 00:00:00,Ecommerce,2,2.0,3479.0
2021-02-14 00:00:00,6,1,1.0,440.0
2021-02-14 00:00:00,Ecommerce,1,1.0,440.0
2021-02-15 00:00:00,Warehouse,1,1.0,195.0
2021-02-16 00:00:00,14,1,3.0,1611.0
2021-02-16 00:00:00,Ecommerce,1,1.0,850.0
2021-02-17 00:00:00,1,1,1.0,235.0
2021-02-17 00:00:00,11,2,32.0,8617.0
2021-02-17 00:00:00,15,1,7.0,2250.0
2021-02-18 00:00:00,Warehouse,1,1.0,8090.0
2021-02-19 00:00:00,11,1,1.0,8330.0
2021-02-19 00:00:00,Warehouse,1,3.0,799.0
2021-02-20 00:00:00,Ecommerce,4,4.0,7086.0
2021-02-20 00:00:00,Warehouse,4,6.0,9301.0
2021-02-21 00:00:00,11,2,49.0,3430.0
2021-02-22 00:00:00,5,1,1.0,199.0
2021-02-23 00:00:00,11,1,7.0,5380.0
2021-02-23 00:00:00,Warehouse,2,3.0,8450.0
2021-02-25 00:00:00,11,2,3.0,6278.0
2021-02-25 00:00:00,7,1,1.0,450.0
2021-02-26 00:00:00,14,1,24.0,840.0
2021-02-27 00:00:00,11,1,15.0,19445.0
2021-02-27 00:00:00,Warehouse,1,1.0,8060.0
2021-02-28 00:00:00,1,1,1.0,1.0
2021-02-28 00:00:00,Ecommerce,2,2.0,9920.0
2021-03-01 00:00:00,11,1,5.0,4564.0
2021-03-01 00:00:00,Warehouse,1,10.0,5830.0
2021-03-02 00:00:00,11,1,5.0,3187.0
2021-03-02 00:00:00,Warehouse,1,1.0,590.0
2021-03-03 00:00:00,7,1,3.0,5228.0
2021-03-03 00:00:00,Warehouse,1,1.0,1630.0
2021-03-04 00:00:00,11,1,17.0,9249.0
2021-03-04 00:00:00,Warehouse,1,1.0,3060.0
2021-03-05 00:00:00,11,1,9.0,8459.0
2021-03-05 00:00:00,9,2,2.0,190.0
2021-03-05 00:00:00,Ecommerce,1,1.0,2610.0
2021-03-05 00:00:00,Warehouse,2,3.0,2239.0
2021-03-06 00:00:00,6,1,19.0,4071.0
2021-03-06 00:00:00,7,1,1.0,315.0
2021-03-06 00:00:00,Warehouse,2,3.0,7480.0
2021-03-07 00:00:00,14,1,12.0,2548.0
2021-03-07 00:00:00,Warehouse,1,5.0,975.0
2021-03-09 00:00:00,7,1,4.0,7824.0
2021-03-09 00:00:00,Warehouse,6,6.0,12795.0
2021-03-10 00:00:00,11,1,1.0,805.0
2021-03-10 00:00:00,Warehouse,5,6.0,15515.0
2021-03-11 00:00:00,Warehouse,3,3.0,18930.0
2021-03-12 00:00:00,5,2,4.0,5000.0
2021-03-12 00:00:00,Warehouse,10,25.0,34640.0
2021-03-13 00:00:00,14,1,2.0,598.0
2021-03-13 00:00:00,5,1,1.0,375.0
2021-03-13 00:00:00,Warehouse,1,1.0,195.0
2021-03-14 00:00:00,11,2,6.0,3779.0
2021-03-14 00:00:00,7,1,1.0,199.0
2021-03-14 00:00:00,Warehouse,1,2.0,2010.0
2021-03-15 00:00:00,Warehouse,1,5.0,975.0
2021-03-16 00:00:00,Warehouse,1,1.0,195.0
2021-03-17 00:00:00,7,1,4.0,404.0
2021-03-18 00:00:00,Ecommerce,1,1.0,1400.0
2021-03-18 00:00:00,Warehouse,1,3.0,2170.0
2021-03-19 00:00:00,11,1,2.0,1104.0
2021-03-19 00:00:00,Warehouse,1,1.0,760.0
2021-03-22 00:00:00,11,1,2.0,5220.0
2021-03-22 00:00:00,7,1,2.0,5889.0
2021-03-23 00:00:00,11,1,2.0,10450.0
2021-03-23 00:00:00,Warehouse,1,1.0,285.0
2021-03-24 00:00:00,Warehouse,2,8.0,2345.0
2021-03-25 00:00:00,11,1,1.0,620.0
2021-03-25 00:00:00,Ecommerce,1,14.0,1850.0
2021-03-26 00:00:00,7,1,1.0,225.0
2021-03-27 00:00:00,11,2,29.0,15689.0
2021-03-27 00:00:00,Warehouse,1,1.0,260.0
2021-03-28 00:00:00,6,1,3.0,2424.0
2021-03-29 00:00:00,7,3,4.0,5711.0
2021-03-29 00:00:00,Warehouse,3,9.0,1755.0
2021-03-30 00:00:00,Ecommerce,1,1.0,10999.0
2021-03-30 00:00:00,Warehouse,6,12.0,5360.0
2021-03-31 00:00:00,Ecommerce,1,1.0,7300.0
2021-03-31 00:00:00,Warehouse,4,7.0,1365.0
2021-04-02 00:00:00,15,1,3.0,2290.0
2021-04-03 00:00:00,11,2,8.0,8002.0
2021-04-03 00:00:00,14,2,34.0,2094.0
2021-04-03 00:00:00,7,1,5.0,3540.0
2021-04-04 00:00:00,11,1,8.0,5578.0
2021-04-04 00:00:00,15,1,3.0,980.0
2021-04-05 00:00:00,14,1,24.0,840.0
2021-04-07 00:00:00,11,1,1.0,1399.0
2021-04-07 00:00:00,Warehouse,1,1.0,3000.0
2021-04-08 00:00:00,11,1,5.0,2299.0
2021-04-09 00:00:00,6,1,2.0,1534.0
2021-04-09 00:00:00,7,1,1.0,315.0
2021-04-10 00:00:00,11,2,10.0,3475.0
2021-04-11 00:00:00,11,1,8.0,4514.0
2021-04-12 00:00:00,11,2,3.0,2799.0
2021-04-12 00:00:00,6,1,2.0,2798.0
2021-04-12 00:00:00,7,1,1.0,230.0
2021-04-12 00:00:00,Warehouse,1,3.0,22150.0
2021-04-14 00:00:00,11,1,2.0,2780.0
2021-04-15 00:00:00,14,1,2.0,790.0
2021-04-16 00:00:00,4,1,1.0,1.0
2021-04-17 00:00:00,11,1,18.0,8819.0
2021-04-18 00:00:00,11,1,15.0,1950.0
2021-04-19 00:00:00,11,1,10.0,2030.0
2021-04-20 00:00:00,11,1,2.0,2945.0
2021-04-21 00:00:00,5,1,1.0,3060.0
2021-04-23 00:00:00,11,1,7.0,1979.0
2021-04-23 00:00:00,7,1,1.0,699.0
2021-04-24 00:00:00,9,1,3.0,2640.0
2021-04-25 00:00:00,11,1,2.0,1390.0
2021-04-26 00:00:00,9,1,5.0,3848.0
2021-04-27 00:00:00,11,1,2.0,5220.0
2021-04-28 00:00:00,14,1,11.0,2249.0
2021-04-29 00:00:00,11,1,34.0,3951.0
2021-04-30 00:00:00,6,2,2.0,11670.0
2021-04-30 00:00:00,9,1,1.0,1890.0
2021-05-01 00:00:00,11,2,5.0,2213.0
2021-05-01 00:00:00,6,1,1.0,2420.0
2021-05-01 00:00:00,9,1,1.0,7820.0
2021-05-01 00:00:00,Warehouse,1,1.0,8890.0
2021-05-03 00:00:00,14,1,8.0,4005.0
2021-05-06 00:00:00,11,2,8.0,17059.0
2021-05-08 00:00:00,11,2,7.0,14857.0
2021-05-09 00:00:00,11,1,6.0,2614.0
2021-05-10 00:00:00,5,1,1.0,375.0
2021-05-11 00:00:00,14,3,33.0,2689.0
2021-05-12 00:00:00,6,1,1.0,2490.0
2021-05-13 00:00:00,9,1,2.0,555.0
2021-05-14 00:00:00,11,1,11.0,596.0
2021-05-15 00:00:00,11,3,16.0,3231.0
2021-05-16 00:00:00,14,1,2.0,290.0
2021-05-16 00:00:00,5,1,1.0,955.0
2021-05-16 00:00:00,6,1,1.0,2260.0
2021-05-17 00:00:00,14,1,1.0,1590.0
2021-05-19 00:00:00,6,2,2.0,2780.0
2021-05-20 00:00:00,11,1,7.0,2354.0
2021-05-20 00:00:00,6,1,1.0,740.0
2021-05-22 00:00:00,6,2,3.0,1551.0
2021-05-23 00:00:00,6,1,2.0,1480.0
2021-05-24 00:00:00,11,1,34.0,2079.0
2021-05-24 00:00:00,14,1,2.0,2910.0
2021-05-25 00:00:00,11,2,4.0,12058.0
2021-05-27 00:00:00,11,1,1.0,799.0
2021-05-28 00:00:00,14,1,2.0,2060.0
2021-05-28 00:00:00,6,1,1.0,300.0
2021-05-29 00:00:00,11,1,19.0,6867.0
2021-05-29 00:00:00,7,1,2.0,1039.0
2021-05-30 00:00:00,11,1,1.0,1499.0
2021-05-30 00:00:00,14,1,4.0,2374.0
2021-06-01 00:00:00,6,1,1.0,195.0
2021-06-01 00:00:00,Warehouse,2,2.0,3720.0
2021-06-02 00:00:00,11,2,5.0,6580.0
2021-06-04 00:00:00,6,1,1.0,2299.0
2021-06-04 00:00:00,7,1,5.0,2965.0
2021-06-06 00:00:00,11,3,8.0,3767.0
2021-06-07 00:00:00,6,2,2.0,1534.0
2021-06-08 00:00:00,6,1,6.0,1944.0
2021-06-10 00:00:00,6,1,5.0,3554.0
2021-06-11 00:00:00,11,1,1.0,2150.0
2021-06-11 00:00:00,6,1,24.0,4894.0
2021-06-12 00:00:00,11,1,24.0,840.0
2021-06-12 00:00:00,17,1,1.0,2350.0
2021-06-12 00:00:00,5,1,1.0,315.0
2021-06-13 00:00:00,11,1,4.0,1095.0
2021-06-13 00:00:00,6,2,2.0,345.0
2021-06-14 00:00:00,14,1,1.0,4999.0
2021-06-14 00:00:00,6,1,2.0,775.0
2021-06-15 00:00:00,7,1,1.0,550.0
2021-06-16 00:00:00,1,1,29.0,2355.0
2021-06-16 00:00:00,11,1,2.0,5220.0
2021-06-17 00:00:00,5,2,2.0,89.0
2021-06-17 00:00:00,6,1,2.0,1099.0
2021-06-20 00:00:00,11,1,3.0,3248.0
2021-06-24 00:00:00,1,1,1.0,1.0
2021-06-24 00:00:00,6,2,2.0,331.0
2021-06-25 00:00:00,11,2,14.0,4919.0
2021-06-26 00:00:00,11,1,14.0,3671.0
2021-06-26 00:00:00,6,1,1.0,1.0
2021-06-27 00:00:00,6,1,1.0,3200.0
2021-06-28 00:00:00,14,1,2.0,494.0
2021-06-28 00:00:00,7,1,6.0,2620.0
2021-06-29 00:00:00,7,1,1.0,240.0
2021-06-29 00:00:00,9,2,3.0,9140.0
2021-06-30 00:00:00,Warehouse,1,1.0,1460.0
2021-07-02 00:00:00,7,2,2.0,1310.0
2021-07-03 00:00:00,11,1,9.0,6399.0
2021-07-04 00:00:00,11,2,14.0,2264.0
2021-07-04 00:00:00,14,1,3.0,2615.0
2021-07-06 00:00:00,11,1,6.0,4195.0
2021-07-07 00:00:00,7,1,1.0,4630.0
2021-07-08 00:00:00,7,1,5.0,1269.0
2021-07-08 00:00:00,9,1,1.0,1599.0
2021-07-09 00:00:00,Warehouse,1,1.0,999.0
2021-07-10 00:00:00,6,1,1.0,675.0
2021-07-11 00:00:00,15,1,13.0,1740.0
2021-07-11 00:00:00,6,1,3.0,1425.0
2021-07-11 00:00:00,7,1,1.0,240.0
2021-07-12 00:00:00,11,2,51.0,7500.0
2021-07-13 00:00:00,11,2,2.0,640.0
2021-07-13 00:00:00,7,1,1.0,7880.0
2021-07-14 00:00:00,7,2,3.0,2219.0
2021-07-14 00:00:00,Warehouse,1,1.0,699.0
2021-07-15 00:00:00,11,2,7.0,14779.0
2021-07-15 00:00:00,Warehouse,1,26.0,2470.0
2021-07-16 00:00:00,14,1,3.0,455.0
2021-07-16 00:00:00,9,1,2.0,2900.0
2021-07-17 00:00:00,7,1,5.0,1800.0
2021-07-17 00:00:00,Warehouse,1,1.0,2150.0
2021-07-18 00:00:00,7,1,1.0,325.0
2021-07-19 00:00:00,7,1,4.0,19800.0
2021-07-21 00:00:00,11,1,1.0,975.0
2021-07-22 00:00:00,7,1,1.0,499.0
2021-07-23 00:00:00,Warehouse,2,2.0,2790.0
2021-07-25 00:00:00,11,1,3.0,1150.0
2021-07-25 00:00:00,14,1,2.0,2520.0
2021-07-27 00:00:00,11,1,11.0,6072.0
2021-07-29 00:00:00,17,1,1.0,245.0
2021-07-30 00:00:00,9,1,1.0,1940.0
2021-07-31 00:00:00,11,3,5.0,3185.0
2021-07-31 00:00:00,6,1,14.0,3905.0
2021-07-31 00:00:00,7,2,3.0,10593.0
2021-07-31 00:00:00,9,1,6.0,2645.0
2021-08-01 00:00:00,6,1,2.0,5650.0
2021-08-02 00:00:00,5,1,1.0,315.0
2021-08-02 00:00:00,6,1,3.0,2709.0
2021-08-04 00:00:00,11,1,4.0,665.0
2021-08-04 00:00:00,5,1,1.0,385.0
2021-08-04 00:00:00,6,1,1.0,660.0
2021-08-07 00:00:00,11,2,18.0,9123.0
2021-08-07 00:00:00,Warehouse,1,3.0,8840.0
2021-08-08 00:00:00,7,1,1.0,275.0
2021-08-09 00:00:00,14,1,1.0,1298.0
2021-08-09 00:00:00,5,1,1.0,950.0
2021-08-09 00:00:00,Ecommerce,1,98.0,6000.0
2021-08-10 00:00:00,5,1,1.0,250.0
2021-08-11 00:00:00,11,1,1.0,2070.0
2021-08-11 00:00:00,7,1,1.0,225.0
2021-08-11 00:00:00,Warehouse,2,2.0,1225.0
2021-08-12 00:00:00,11,1,8.0,2790.0
2021-08-12 00:00:00,7,1,2.0,220.0
2021-08-14 00:00:00,5,1,1.0,100.0
2021-08-17 00:00:00,6,1,2.0,70.0
2021-08-18 00:00:00,6,3,11.0,6575.0
2021-08-18 00:00:00,Warehouse,91,358.0,70190.0
2021-08-19 00:00:00,5,1,1.0,310.0
2021-08-19 00:00:00,Warehouse,63,160.0,31504.0
2021-08-20 00:00:00,14,1,4.0,1794.0
2021-08-20 00:00:00,5,1,1.0,199.0
2021-08-21 00:00:00,5,1,1.0,310.0
2021-08-21 00:00:00,6,1,1.0,350.0
2021-08-21 00:00:00,Warehouse,1,1.0,4930.0
2021-08-22 00:00:00,5,3,9.0,2790.0
2021-08-23 00:00:00,5,2,4.0,1240.0
2021-08-24 00:00:00,Warehouse,1,1.0,675.0
2021-08-25 00:00:00,11,1,1.0,236.0
2021-08-27 00:00:00,11,1,5.0,7245.0
2021-08-27 00:00:00,7,1,1.0,995.0
2021-08-28 00:00:00,11,1,12.0,3488.0
2021-08-29 00:00:00,11,3,29.0,26989.0
2021-08-30 00:00:00,11,1,3.0,1990.0
2021-08-30 00:00:00,7,1,1.0,499.0
2021-08-30 00:00:00,Warehouse,1,1.0,1320.0
2021-08-31 00:00:00,7,3,16.0,4290.0
2021-08-31 00:00:00,Warehouse,1,3.0,3840.0
2021-09-03 00:00:00,5,1,1.0,1790.0
2021-09-03 00:00:00,Warehouse,1,1.0,3110.0
2021-09-04 00:00:00,11,1,8.0,3272.0
2021-09-04 00:00:00,Ecommerce,1,1.0,1990.0
2021-09-05 00:00:00,14,1,2.0,1758.0
2021-09-06 00:00:00,11,1,1.0,3200.0
2021-09-07 00:00:00,Warehouse,1,1.0,999.0
2021-09-08 00:00:00,11,1,49.0,3116.0
2021-09-08 00:00:00,7,1,1.0,195.0
2021-09-09 00:00:00,Warehouse,3,5.0,7310.0
2021-09-10 00:00:00,11,2,11.0,13181.0
2021-09-11 00:00:00,11,2,2.0,1445.0
2021-09-11 00:00:00,6,1,2.0,1235.0
2021-09-11 00:00:00,Ecommerce,1,2.0,1950.0
2021-09-12 00:00:00,11,1,4.0,1038.0
2021-09-13 00:00:00,5,1,2.0,370.0
2021-09-13 00:00:00,Warehouse,1,1.0,755.0
2021-09-15 00:00:00,7,1,1.0,1325.0
2021-09-16 00:00:00,11,1,1.0,1900.0
2021-09-18 00:00:00,11,1,18.0,5462.0
2021-09-19 00:00:00,7,1,1.0,390.0
2021-09-19 00:00:00,Warehouse,1,2.0,3780.0
2021-09-21 00:00:00,11,1,49.0,3455.0
2021-09-22 00:00:00,14,1,4.0,2652.0
2021-09-23 00:00:00,11,1,12.0,3695.0
2021-09-23 00:00:00,Ecommerce,1,4.0,9679.0
2021-09-23 00:00:00,Warehouse,2,13.0,2660.0
2021-09-24 00:00:00,Ecommerce,1,3.0,3860.0
2021-09-25 00:00:00,7,3,6.0,3345.0
2021-09-26 00:00:00,11,1,1.0,195.0
2021-09-29 00:00:00,5,1,1.0,340.0
2021-10-02 00:00:00,11,2,5.0,4295.0
2021-10-02 00:00:00,9,1,1.0,590.0
2021-10-03 00:00:00,11,1,28.0,1010.0
2021-10-04 00:00:00,5,1,1.0,315.0
2021-10-04 00:00:00,Warehouse,1,1.0,4650.0
2021-10-05 00:00:00,11,1,11.0,1805.0
2021-10-06 00:00:00,Warehouse,1,1.0,4930.0
2021-10-07 00:00:00,11,2,5.0,8005.0
2021-10-07 00:00:00,15,1,1.0,199.0
2021-10-07 00:00:00,7,1,1.0,520.0
2021-10-07 00:00:00,Warehouse,12,19.0,6712.0
2021-10-08 00:00:00,1,1,1.0,75.0
2021-10-08 00:00:00,11,1,19.0,6755.0
2021-10-08 00:00:00,4,1,8.0,7194.0
2021-10-08 00:00:00,7,1,1.0,390.0
2021-10-08 00:00:00,Ecommerce,1,3.0,9780.0
2021-10-09 00:00:00,11,1,1.0,195.0
2021-10-09 00:00:00,14,2,2.0,270.0
2021-10-09 00:00:00,15,1,1.0,60.0
2021-10-10 00:00:00,11,3,95.0,15763.0
2021-10-10 00:00:00,15,1,14.0,2929.0
2021-10-10 00:00:00,Ecommerce,1,1.0,1990.0
2021-10-10 00:00:00,Warehouse,30,74.0,18328.0
2021-10-11 00:00:00,Warehouse,1,12.0,1200.0
2021-10-12 00:00:00,Warehouse,1,1.0,975.0
2021-10-13 00:00:00,5,1,1.0,295.0
2021-10-14 00:00:00,4,1,1.0,130.0
2021-10-15 00:00:00,15,1,2.0,2350.0
2021-10-15 00:00:00,4,2,8.0,4558.0
2021-10-15 00:00:00,Warehouse,2,3.0,3670.0
2021-10-16 00:00:00,4,3,7.0,2740.0
2021-10-16 00:00:00,Warehouse,1,1.0,3170.0
2021-10-17 00:00:00,11,2,10.0,6862.0
2021-10-17 00:00:00,15,1,2.0,450.0
2021-10-18 00:00:00,11,1,1.0,1770.0
2021-10-18 00:00:00,4,1,6.0,2875.0
2021-10-18 00:00:00,Warehouse,10,25.0,6395.0
2021-10-19 00:00:00,11,2,7.0,17088.0
2021-10-21 00:00:00,11,1,3.0,1188.0
2021-10-21 00:00:00,14,1,5.0,18637.0
2021-10-21 00:00:00,4,1,1.0,400.0
2021-10-21 00:00:00,Warehouse,1,1.0,999.0
2021-10-22 00:00:00,11,1,27.0,4305.0
2021-10-23 00:00:00,11,1,8.0,2505.0
2021-10-23 00:00:00,6,1,6.0,48240.0
2021-10-24 00:00:00,11,4,88.0,27239.0
2021-10-24 00:00:00,5,1,4.0,1060.0
2021-10-26 00:00:00,11,2,3.0,9330.0
2021-10-27 00:00:00,11,1,12.0,7552.0
2021-10-27 00:00:00,6,1,6.0,3943.0
2021-10-28 00:00:00,4,3,10.0,3185.0
2021-10-28 00:00:00,Warehouse,1,1.0,1990.0
2021-10-29 00:00:00,14,1,3.0,1786.0
2021-10-29 00:00:00,7,1,1.0,400.0
2021-10-30 00:00:00,7,1,1.0,995.0
2021-10-30 00:00:00,Warehouse,1,1.0,1990.0
2021-10-31 00:00:00,11,1,6.0,7840.0
2021-10-31 00:00:00,15,1,13.0,1515.0
2021-10-31 00:00:00,Ecommerce,1,1.0,1990.0
2021-10-31 00:00:00,Warehouse,1,1.0,1025.0
2021-11-01 00:00:00,Warehouse,1,1.0,870.0
2021-11-02 00:00:00,14,1,2.0,1534.0
2021-11-02 00:00:00,Warehouse,1,1.0,2250.0
2021-11-03 00:00:00,11,1,58.0,5425.0
2021-11-04 00:00:00,7,1,1.0,675.0
2021-11-05 00:00:00,5,1,1.0,90.0
2021-11-05 00:00:00,7,1,6.0,2394.0
2021-11-05 00:00:00,Warehouse,1,1.0,999.0
2021-11-06 00:00:00,11,1,1.0,1770.0
2021-11-06 00:00:00,15,1,1.0,295.0
2021-11-07 00:00:00,15,1,2.0,865.0
2021-11-10 00:00:00,Ecommerce,1,1.0,1850.0
2021-11-11 00:00:00,11,1,1.0,2440.0
2021-11-11 00:00:00,14,1,10.0,4600.0
2021-11-11 00:00:00,Ecommerce,1,10.0,2200.0
2021-11-12 00:00:00,14,1,1.0,370.0
2021-11-12 00:00:00,6,1,1.0,660.0
2021-11-12 00:00:00,Ecommerce,1,1.0,8850.0
2021-11-12 00:00:00,Warehouse,1,3.0,880.0
2021-11-13 00:00:00,Ecommerce,1,2.0,2800.0
2021-11-14 00:00:00,Warehouse,1,2.0,18440.0
2021-11-15 00:00:00,15,1,4.0,605.0
2021-11-16 00:00:00,11,1,35.0,4733.0
2021-11-17 00:00:00,1,1,4.0,655.0
2021-11-17 00:00:00,11,1,1.0,2610.0
2021-11-18 00:00:00,11,1,24.0,840.0
2021-11-18 00:00:00,Ecommerce,1,2.0,2210.0
2021-11-19 00:00:00,11,1,13.0,895.0
2021-11-19 00:00:00,Warehouse,1,2.0,485.0
2021-11-21 00:00:00,11,1,19.0,10133.0
2021-11-21 00:00:00,4,2,12.0,10267.0
2021-11-21 00:00:00,Ecommerce,1,4.0,3130.0
2021-11-22 00:00:00,Warehouse,1,1.0,1775.0
2021-11-23 00:00:00,11,3,4.0,4590.0
2021-11-23 00:00:00,Ecommerce,4,14.0,24200.0
2021-11-23 00:00:00,Warehouse,1,1.0,970.0
2021-11-24 00:00:00,11,2,4.0,7789.0
2021-11-24 00:00:00,Ecommerce,2,7.0,8548.0
2021-11-26 00:00:00,11,1,10.0,10499.0
2021-11-26 00:00:00,Ecommerce,3,4.0,8707.0
2021-11-26 00:00:00,Warehouse,1,12.0,1200.0
2021-11-27 00:00:00,14,1,3.0,939.0
2021-11-27 00:00:00,Ecommerce,1,4.0,3080.0
2021-11-28 00:00:00,11,2,12.0,4990.0
2021-11-28 00:00:00,5,1,1.0,375.0
2021-11-29 00:00:00,1,1,1.0,199.0
2021-11-29 00:00:00,14,1,5.0,2810.0
2021-11-30 00:00:00,11,2,2.0,4270.0
2021-11-30 00:00:00,15,1,3.0,780.0
2021-12-01 00:00:00,11,2,24.0,5814.0
2021-12-01 00:00:00,5,1,1.0,160.0
2021-12-01 00:00:00,7,1,1.0,195.0
2021-12-01 00:00:00,Ecommerce,5,12.0,16396.0
2021-12-01 00:00:00,Warehouse,1,1.0,1450.0
2021-12-02 00:00:00,11,1,61.0,3660.0
2021-12-02 00:00:00,7,1,1.0,400.0
2021-12-02 00:00:00,Ecommerce,1,4.0,3080.0
2021-12-03 00:00:00,Ecommerce,2,7.0,12980.0
2021-12-04 00:00:00,11,2,50.0,5937.0
2021-12-04 00:00:00,Ecommerce,1,2.0,3780.0
2021-12-05 00:00:00,Ecommerce,3,7.0,13770.0
2021-12-05 00:00:00,Warehouse,1,1.0,8160.0
2021-12-06 00:00:00,Ecommerce,2,10.0,20340.0
2021-12-06 00:00:00,Warehouse,2,2.0,3325.0
2021-12-07 00:00:00,11,1,7.0,6962.0
2021-12-07 00:00:00,Ecommerce,4,6.0,12550.0
2021-12-07 00:00:00,Warehouse,3,15.0,2540.0
2021-12-08 00:00:00,11,1,2.0,9640.0
2021-12-08 00:00:00,Ecommerce,2,3.0,5888.0
2021-12-08 00:00:00,Warehouse,1,1.0,810.0
2021-12-09 00:00:00,7,2,5.0,2280.0
2021-12-09 00:00:00,Ecommerce,4,12.0,14927.0
2021-12-09 00:00:00,Warehouse,3,3.0,2997.0
2021-12-10 00:00:00,11,2,7.0,3040.0
2021-12-10 00:00:00,Warehouse,2,2.0,3349.0
2021-12-11 00:00:00,11,1,12.0,7798.0
2021-12-11 00:00:00,9,1,30.0,1050.0
2021-12-11 00:00:00,Warehouse,2,25.0,1750.0
2021-12-12 00:00:00,14,1,15.0,3965.0
2021-12-12 00:00:00,15,1,2.0,680.0
2021-12-13 00:00:00,18,1,7.0,6747.0
2021-12-13 00:00:00,Warehouse,56,221.0,46945.0
2021-12-14 00:00:00,18,1,3.0,1834.0
2021-12-14 00:00:00,7,1,7.0,580.0
2021-12-14 00:00:00,Ecommerce,1,1.0,1999.0
2021-12-15 00:00:00,1,1,6.0,2570.0
2021-12-15 00:00:00,11,1,37.0,6936.0
2021-12-15 00:00:00,Warehouse,2,2.0,9690.0
2021-12-16 00:00:00,1,1,1.0,85.0
2021-12-16 00:00:00,Ecommerce,2,8.0,7040.0
2021-12-16 00:00:00,Warehouse,1,1.0,9575.0
2021-12-17 00:00:00,11,1,1.0,4930.0
2021-12-17 00:00:00,Ecommerce,2,12.0,8139.0
2021-12-17 00:00:00,Warehouse,3,3.0,9479.0
2021-12-18 00:00:00,18,1,5.0,1100.0
2021-12-18 00:00:00,6,1,2.0,1646.0
2021-12-18 00:00:00,Ecommerce,2,13.0,3199.0
2021-12-19 00:00:00,11,1,8.0,2330.0
2021-12-19 00:00:00,7,1,2.0,440.0
2021-12-19 00:00:00,Warehouse,1,1.0,999.0
2021-12-20 00:00:00,11,1,3.0,9330.0
2021-12-20 00:00:00,18,2,3.0,3324.0
2021-12-20 00:00:00,7,1,1.0,995.0
2021-12-20 00:00:00,Ecommerce,2,8.0,4720.0
2021-12-21 00:00:00,7,1,2.0,749.0
2021-12-21 00:00:00,Warehouse,1,1.0,999.0
2021-12-22 00:00:00,14,1,1.0,8499.0
2021-12-22 00:00:00,15,1,2.0,1565.0
2021-12-22 00:00:00,18,1,1.0,8890.0
2021-12-22 00:00:00,Ecommerce,2,3.0,2945.0
2021-12-22 00:00:00,Warehouse,2,2.0,11665.0
2021-12-23 00:00:00,11,1,2.0,35400.0
2021-12-24 00:00:00,Ecommerce,6,11.0,19790.0
2021-12-24 00:00:00,Warehouse,2,3.0,1680.0
2021-12-25 00:00:00,Ecommerce,3,6.0,11358.0
2021-12-25 00:00:00,Warehouse,2,8.0,2720.0
2021-12-26 00:00:00,5,1,1.0,425.0
2021-12-27 00:00:00,Warehouse,28,119.0,27690.0
2021-12-28 00:00:00,Ecommerce,5,12.0,14378.0
2021-12-29 00:00:00,11,1,11.0,440.0
2021-12-29 00:00:00,Ecommerce,2,4.0,3000.0
2021-12-29 00:00:00,Warehouse,1,2.0,850.0
2021-12-30 00:00:00,Ecommerce,8,15.0,24736.0
2021-12-30 00:00:00,Warehouse,6,7.0,4267.0
2021-12-31 00:00:00,Ecommerce,3,5.0,9080.0
2022-01-01 00:00:00,11,3,120.0,28519.0
2022-01-01 00:00:00,14,1,13.0,1330.0
2022-01-01 00:00:00,18,1,4.0,4249.0
2022-01-01 00:00:00,5,1,1.0,160.0
2022-01-01 00:00:00,7,1,7.0,2048.0
2022-01-01 00:00:00,Warehouse,6,7.0,19680.0
2022-01-02 00:00:00,Warehouse,3,5.0,5165.0
2022-01-03 00:00:00,11,3,15.0,9672.0
2022-01-03 00:00:00,14,1,4.0,2159.0
2022-01-03 00:00:00,18,1,2.0,810.0
2022-01-03 00:00:00,Warehouse,5,5.0,10430.0
2022-01-04 00:00:00,11,3,24.0,7344.0
2022-01-04 00:00:00,7,1,2.0,319.0
2022-01-04 00:00:00,Warehouse,1,1.0,1990.0
2022-01-05 00:00:00,16,1,9.0,1945.0
2022-01-05 00:00:00,Ecommerce,2,4.0,7360.0
2022-01-05 00:00:00,Warehouse,1,1.0,970.0
2022-01-06 00:00:00,11,2,9.0,7635.0
2022-01-06 00:00:00,Warehouse,2,13.0,4580.0
2022-01-07 00:00:00,Ecommerce,1,1.0,2400.0
2022-01-08 00:00:00,11,1,5.0,2275.0
2022-01-08 00:00:00,18,1,3.0,2729.0
2022-01-08 00:00:00,Warehouse,4,61.0,9380.0
2022-01-09 00:00:00,11,4,39.0,24838.0
2022-01-09 00:00:00,15,1,4.0,419.0
2022-01-09 00:00:00,Ecommerce,1,1.0,960.0
2022-01-09 00:00:00,Warehouse,2,2.0,4020.0
2022-01-10 00:00:00,14,1,2.0,1329.0
2022-01-10 00:00:00,7,1,1.0,995.0
2022-01-10 00:00:00,Warehouse,1,1.0,1790.0
2022-01-11 00:00:00,Ecommerce,1,3.0,5370.0
2022-01-11 00:00:00,Warehouse,2,2.0,2269.0
2022-01-12 00:00:00,11,1,2.0,720.0
2022-01-12 00:00:00,6,1,2.0,2404.0
2022-01-12 00:00:00,Ecommerce,1,2.0,3540.0
2022-01-12 00:00:00,Warehouse,3,3.0,2920.0
2022-01-14 00:00:00,11,2,2.0,829.0
2022-01-14 00:00:00,18,1,3.0,2093.0
2022-01-14 00:00:00,Ecommerce,1,1.0,1560.0
2022-01-14 00:00:00,Warehouse,1,1.0,975.0
2022-01-15 00:00:00,11,1,3.0,720.0
2022-01-15 00:00:00,Ecommerce,1,6.0,2400.0
2022-01-16 00:00:00,7,1,4.0,1795.0
2022-01-17 00:00:00,11,1,18.0,4618.0
2022-01-18 00:00:00,15,1,2.0,3060.0
2022-01-18 00:00:00,7,1,1.0,1075.0
2022-01-18 00:00:00,Ecommerce,1,1.0,3420.0
2022-01-19 00:00:00,Warehouse,2,13.0,2510.0
2022-01-20 00:00:00,7,1,1.0,350.0
2022-01-21 00:00:00,Warehouse,1,2.0,3660.0
2022-01-22 00:00:00,Ecommerce,1,2.0,1660.0
2022-01-22 00:00:00,Warehouse,1,1.0,1770.0
2022-01-24 00:00:00,15,1,1.0,2040.0
2022-01-24 00:00:00,Warehouse,3,3.0,7650.0
2022-01-25 00:00:00,1,1,1.0,390.0
2022-01-25 00:00:00,11,1,3.0,1822.0
2022-01-25 00:00:00,7,1,1.0,499.0
2022-01-26 00:00:00,Warehouse,16,58.0,13350.0
2022-01-27 00:00:00,11,1,3.0,20543.0
2022-01-27 00:00:00,5,1,1.0,425.0
2022-01-27 00:00:00,Warehouse,7,7.0,22388.0
2022-01-28 00:00:00,1,1,24.0,960.0
2022-01-28 00:00:00,14,1,2.0,8829.0
2022-01-28 00:00:00,Warehouse,2,2.0,2450.0
2022-01-29 00:00:00,6,1,1.0,620.0
2022-01-29 00:00:00,7,1,1.0,430.0
2022-01-29 00:00:00,Warehouse,1,3.0,900.0
2022-01-30 00:00:00,11,1,119.0,13773.0
2022-01-31 00:00:00,Warehouse,20,48.0,17475.0
2022-02-01 00:00:00,11,1,50.0,2801.0
2022-02-01 00:00:00,Warehouse,2,2.0,1870.0
2022-02-03 00:00:00,11,2,14.0,14359.0
2022-02-03 00:00:00,7,1,1.0,995.0
2022-02-04 00:00:00,Ecommerce,1,5.0,5025.0
2022-02-05 00:00:00,11,1,5.0,2375.0
2022-02-05 00:00:00,9,1,1.0,210.0
2022-02-05 00:00:00,Warehouse,2,2.0,2820.0
2022-02-08 00:00:00,11,1,4.0,1074.0
2022-02-09 00:00:00,11,2,2.0,460.0
2022-02-09 00:00:00,Warehouse,2,2.0,4750.0
2022-02-10 00:00:00,5,1,1.0,750.0
2022-02-10 00:00:00,Warehouse,2,2.0,1150.0
2022-02-11 00:00:00,1,1,2.0,340.0
2022-02-11 00:00:00,11,1,6.0,1794.0
2022-02-12 00:00:00,7,2,2.0,470.0
2022-02-12 00:00:00,Ecommerce,1,1.0,1890.0
2022-02-12 00:00:00,Warehouse,67,165.0,54765.0
2022-02-13 00:00:00,11,2,79.0,9317.0
2022-02-13 00:00:00,7,1,1.0,350.0
2022-02-13 00:00:00,Warehouse,2,6.0,1245.0
2022-02-14 00:00:00,Warehouse,1,1.0,999.0
2022-02-15 00:00:00,1,1,1.0,290.0
2022-02-15 00:00:00,11,1,1.0,2450.0
2022-02-15 00:00:00,Ecommerce,1,1.0,8940.0
2022-02-16 00:00:00,1,1,2.0,819.0
2022-02-16 00:00:00,Warehouse,1,1.0,6440.0
2022-02-18 00:00:00,5,1,7.0,2699.0
2022-02-18 00:00:00,Warehouse,1,26.0,17380.0
2022-02-19 00:00:00,14,1,9.0,1030.0
2022-02-19 00:00:00,7,1,1.0,995.0
2022-02-19 00:00:00,Warehouse,9,11.0,32690.0
2022-02-20 00:00:00,11,1,29.0,10940.0
2022-02-20 00:00:00,Warehouse,1,1.0,830.0
2022-02-21 00:00:00,11,1,10.0,2048.0
2022-02-21 00:00:00,18,1,9.0,2865.0
2022-02-21 00:00:00,5,1,1.0,425.0
2022-02-21 00:00:00,Warehouse,1,1.0,830.0
2022-02-22 00:00:00,11,2,3.0,4489.0
2022-02-22 00:00:00,14,2,3.0,9439.0
2022-02-22 00:00:00,Warehouse,1,1.0,3420.0
2022-02-23 00:00:00,Warehouse,2,9.0,1755.0
2022-02-24 00:00:00,1,1,1.0,90.0
2022-02-24 00:00:00,11,2,2.0,485.0
2022-02-24 00:00:00,Ecommerce,1,1.0,1410.0
2022-02-25 00:00:00,18,2,4.0,2699.0
2022-02-25 00:00:00,Warehouse,1,1.0,2350.0
2022-02-26 00:00:00,1,1,4.0,1103.0
2022-02-26 00:00:00,11,2,5.0,2500.0
2022-02-26 00:00:00,5,1,1.0,160.0
2022-02-26 00:00:00,Ecommerce,1,1.0,6070.0
2022-02-28 00:00:00,Warehouse,37,146.0,33300.0
2022-03-01 00:00:00,18,1,1.0,100.0
2022-03-01 00:00:00,7,1,1.0,499.0
2022-03-01 00:00:00,Warehouse,4,4.0,6760.0
2022-03-02 00:00:00,4,1,15.0,795.0
2022-03-02 00:00:00,Warehouse,2,2.0,4360.0
2022-03-04 00:00:00,14,1,12.0,7494.0
2022-03-04 00:00:00,7,1,7.0,265.0
2022-03-05 00:00:00,11,4,26.0,17419.0
2022-03-05 00:00:00,18,1,1.0,195.0
2022-03-05 00:00:00,6,1,1.0,660.0
2022-03-06 00:00:00,11,1,12.0,5300.0
2022-03-06 00:00:00,7,1,1.0,699.0
2022-03-07 00:00:00,11,2,42.0,4141.0
2022-03-07 00:00:00,Warehouse,1,1.0,2450.0
2022-03-08 00:00:00,17,1,2.0,385.0
2022-03-08 00:00:00,Warehouse,1,1.0,1099.0
2022-03-09 00:00:00,9,1,3.0,695.0
2022-03-10 00:00:00,11,1,3.0,1680.0
2022-03-10 00:00:00,18,1,2.0,1549.0
2022-03-10 00:00:00,Warehouse,3,12.0,2640.0
2022-03-11 00:00:00,11,1,9.0,2699.0
2022-03-11 00:00:00,5,1,1.0,250.0
2022-03-11 00:00:00,Warehouse,4,4.0,7520.0
2022-03-12 00:00:00,11,1,1.0,8690.0
2022-03-12 00:00:00,7,1,1.0,295.0
2022-03-12 00:00:00,Warehouse,10,10.0,23158.0
2022-03-13 00:00:00,11,3,76.0,10590.0
2022-03-13 00:00:00,7,1,1.0,250.0
2022-03-14 00:00:00,7,1,1.0,330.0
2022-03-14 00:00:00,Warehouse,21,36.0,44755.0
2022-03-15 00:00:00,1,1,1.0,410.0
2022-03-15 00:00:00,Warehouse,3,3.0,6240.0
2022-03-16 00:00:00,Warehouse,3,3.0,6680.0
2022-03-17 00:00:00,Warehouse,26,68.0,81261.0
2022-03-18 00:00:00,11,1,1.0,5660.0
2022-03-18 00:00:00,18,1,1.0,950.0
2022-03-18 00:00:00,Warehouse,12,12.0,24855.0
2022-03-19 00:00:00,11,1,3.0,1215.0
2022-03-19 00:00:00,18,1,4.0,120.0
2022-03-19 00:00:00,Warehouse,11,33.0,11210.0
2022-03-20 00:00:00,11,3,38.0,9321.0
2022-03-20 00:00:00,Warehouse,50,51.0,106075.0
2022-03-21 00:00:00,Warehouse,23,24.0,36250.0
2022-03-22 00:00:00,Ecommerce,1,12.0,420.0
2022-03-22 00:00:00,Warehouse,69,86.0,129016.0
2022-03-23 00:00:00,18,1,29.0,9390.0
2022-03-23 00:00:00,Warehouse,49,49.0,120025.0
2022-03-24 00:00:00,4,1,24.0,1320.0
2022-03-24 00:00:00,7,2,2.0,1325.0
2022-03-24 00:00:00,Ecommerce,1,1.0,710.0
2022-03-24 00:00:00,Warehouse,56,56.0,112172.0
2022-03-25 00:00:00,14,1,11.0,1035.0
2022-03-25 00:00:00,Warehouse,19,41.0,54096.0
2022-03-26 00:00:00,11,2,20.0,8105.0
2022-03-26 00:00:00,6,1,5.0,1175.0
2022-03-26 00:00:00,7,1,1.0,595.0
2022-03-26 00:00:00,Warehouse,53,65.0,111388.0
2022-03-27 00:00:00,11,1,3.0,2960.0
2022-03-27 00:00:00,Ecommerce,1,1.0,8999.0
2022-03-27 00:00:00,Warehouse,85,88.0,200627.0
2022-03-28 00:00:00,18,3,6.0,2969.0
2022-03-28 00:00:00,Warehouse,53,56.0,153328.0
2022-03-29 00:00:00,15,1,4.0,520.0
2022-03-29 00:00:00,Warehouse,9,10.0,21050.0
2022-03-30 00:00:00,Warehouse,131,316.0,217315.0
2022-03-31 00:00:00,11,1,1.0,210.0
2022-03-31 00:00:00,5,1,1.0,160.0
2022-03-31 00:00:00,Warehouse,400,566.0,934008.0
